{"CourseInfo":{"Title":"Broadband Ekiplerinin İşlem Hızlandırma Talepleri Eğitimi","Description":"Bu eğitimde, müşteri hizmetlerinde internet üyelerinin işlem hızlandırma taleplerinin nasıl yönetileceğine dair tüm süreç ve kural bilgileri aktarılacaktır. Katılımcılar, hızlandırma taleplerinin hangi koşullarda ve nasıl yapılacağı, dikkat edilmesi gerekenler ve ilgili kayıtların açılmasıyla ilgili güncel prosedürler hakkında eksiksiz bilgi sahibi olacaklardır.","Objective":null,"TargetAudience":null,"CourseImageUrl":"https://aidea.elearningsolutions.net/ContentFiles/IdealStudioFiles/1-ai-CourseCoverImage-0aff496b-5ad4-4510-8c1d-7c145b6162e2.jpg","AudioDuration":4,"SpeechAudioUrl":"https://aidea.elearningsolutions.net/ContentFiles/IdealStudioFiles/1-ai-CourseCoverSpeech-d0c4b0ab-d357-4e43-96a1-e6af5004efad.mp3","SpeechFileName":"1-ai-CourseCoverSpeech-d0c4b0ab-d357-4e43-96a1-e6af5004efad.mp3"},"Sections":[{"PageStyle":1,"YoutubeSearchKeyword":null,"Index":1,"Title":"Kursun Amacı ve İçeriği","Description":null,"Content":{"paragraph":"İşlem Hızlandırma Taleplerinin Yönetimi; Güncel Süreçler ve Kurallar; Ne Zaman ve Nasıl Talepte Bulunulacağı; Doğru Kayıt ve Uygulama Noktaları; Etkin ve Hızlı Yönetim Hedefi"},"NarrationText":"Bu eğitimde, broadband ekiplerinin işlem hızlandırma taleplerinin yönetimiyle ilgili güncel süreçler ve önemli kurallar ele alınacaktır. Eğitim boyunca, hızlandırma taleplerinin ne zaman ve nasıl yapılması gerektiği, kullanılacak istek kayıtları ve sürecin doğru uygulanmasına dair dikkat edilmesi gereken noktalar açıklanacaktır. Eğitim sonunda, hızlı ve doğru talepler ile işlemlerin etkin şekilde yönetimi amaçlanmaktadır.","Images":[{"ImagePrompt":"A group of broadband professionals discussing workflow acceleration and digital request management, modern office environment, teamwork, process diagrams in background","ImageSize":"W1024xH1024","ImageUrl":"https://aidea.elearningsolutions.net/ContentFiles/IdealStudioFiles/AI_Section_1-13e6f7b7-7c32-4e2d-ac7f-a6cdeed4aba4.jpg","IsSuccess":false,"ErrorMessage":null}],"YoutubeUrl":null,"AudioDuration":25,"SpeechAudioUrl":"https://aidea.elearningsolutions.net/ContentFiles/IdealStudioFiles/AI_Section_1_b5984a44-1c7a-4569-93bd-ddb3151a6dd9.mp3","SpeechFileName":"AI_Section_1_b5984a44-1c7a-4569-93bd-ddb3151a6dd9.mp3","RelevantDocumentPart":null},{"PageStyle":2,"YoutubeSearchKeyword":null,"Index":2,"Title":"İşlem Hızlandırma Taleplerinin Tanımı","Description":null,"Content":{"subtitle":"İşlem Hızlandırma Taleplerinin Tanımı","paragraph1":"Talepler İki Farklı İstek Kaydı Üzerinden İşlenir; Eski Süreç: İstek ve Mail","paragraph2":"Güncel Süreçte Yalnızca Belirlenen Kayıtlar Kullanılır; Sistematik ve Hızlı İşlem Akışı"},"NarrationText":"İnternet üyelerinden gelen işlem hızlandırma talepleri, belirli kriterlere göre iki farklı istek kaydı üzerinden işlenmektedir. Eski süreçte bu talepler istek açılarak ve mail gönderilerek sağlanıyordu. Ancak süreç güncellenmiş ve artık sadece belirlenen istek kayıtları kullanılmaya başlanmıştır. Bu değişiklik, işlemlerin daha sistematik ve hızlı ilerlemesini sağlamaktadır.","Images":[{"ImagePrompt":"Two computer screens, one showing an old email request system and another showing a modern streamlined ticket management system, clear visual difference, office setting","ImageSize":"W1024xH1024","ImageUrl":"https://aidea.elearningsolutions.net/ContentFiles/IdealStudioFiles/AI_Section_2-0bc96070-fbd6-4204-9675-aaf683cd81f7.jpg","IsSuccess":false,"ErrorMessage":null}],"YoutubeUrl":null,"AudioDuration":23,"SpeechAudioUrl":"https://aidea.elearningsolutions.net/ContentFiles/IdealStudioFiles/AI_Section_2_1fda995c-a957-4c27-ba5d-2c90b1ea20ae.mp3","SpeechFileName":"AI_Section_2_1fda995c-a957-4c27-ba5d-2c90b1ea20ae.mp3","RelevantDocumentPart":null},{"PageStyle":3,"YoutubeSearchKeyword":null,"Index":3,"Title":"Aktivasyon Akışlarında Hızlandırma Talebi","Description":null,"Content":{"paragraph":"Aktivasyon Akışında Doğru Zamanlarda Hızlandırma Talebi Yapılır.","subtitle1":"Beşinci Gün Sonu","subtext1":"Kurulum Başlamadıysa Hızlandırma Talebi","subtitle2":"Yedinci Gün Sonu","subtext2":"Kurulum Tamamlanmadıysa Hızlandırma Talebi","subtitle3":"Süreçlerin Gecikmemesi","subtext3":"Üye Memnuniyeti İçin Akış Takibi"},"NarrationText":"Aktivasyon akışında, bir üyenin işlemi beşinci gün sonunda kurulum aşamasına geçmemişse hızlandırma talebinde bulunulabilir. Ayrıca, yedinci günün sonunda kurulum işlemi tamamlanmadıysa, yine hızlandırma talebi yapılabilir. Bu kuralların amacı, üyenin aktivasyon sürecinin gereksiz yere uzamamasını sağlamaktır.","Images":[{"ImagePrompt":"A digital calendar highlighting day 5 and day 7 with warning and action icons, representing process checkpoints, activation flow, member timeline","ImageSize":"W1024xH1024","ImageUrl":"https://aidea.elearningsolutions.net/ContentFiles/IdealStudioFiles/AI_Section_3-e6964ae5-4a48-402c-9af8-c3ded7012355.jpg","IsSuccess":false,"ErrorMessage":null},{"ImagePrompt":"Customer service agent using ticketing system, computer interface showing activation request and time limits, efficient workflow emphasis","ImageSize":"W1024xH1024","ImageUrl":"https://aidea.elearningsolutions.net/ContentFiles/IdealStudioFiles/AI_Section_3-880dd5d7-cae3-4a77-a467-c183db9a0f92.jpg","IsSuccess":false,"ErrorMessage":null}],"YoutubeUrl":null,"AudioDuration":19,"SpeechAudioUrl":"https://aidea.elearningsolutions.net/ContentFiles/IdealStudioFiles/AI_Section_3_8c9831ba-2af3-4b25-bdf7-e7b94b138b10.mp3","SpeechFileName":"AI_Section_3_8c9831ba-2af3-4b25-bdf7-e7b94b138b10.mp3","RelevantDocumentPart":null},{"PageStyle":4,"YoutubeSearchKeyword":null,"Index":4,"Title":"Backoffice Hızlandırma Süreçleri","Description":null,"Content":{"paragraph":"Backoffice Süreçlerinde Belirli Zamanlarda Hızlandırma Talebi Açılır; Süreçlerin Hızlı İlerlemesi Hedeflenir.","list":"Nakil İşlemlerinde 7. Gün Hızlandırma; Arıza Akışında 24 Saat Sonra Talep; 711 Nonteknik Kayıtlarda 24 Saat; Sorunlar Hızlı Çözülür"},"NarrationText":"Nakil işlemlerinde, yedinci günün sonunda süreç tamamlanmamışsa hızlandırma talebi açılabilir. Arıza akışlarında ise, 24 saat geçtiğinde hızlandırma talebinde bulunmak mümkündür. 711 gibi nonteknik kayıtlarda da 24 saat sonunda hızlandırma talebi yapılabilir. Her biri, sürecin hızlı ilerlemesini ve sorunların çabuk çözülmesini amaçlar.","Images":[{"ImagePrompt":"Process flowchart for backoffice operations, marking 7 days and 24 hours, team collaborating at large digital screen, emphasis on speed","ImageSize":"W1792xH1024","ImageUrl":"https://aidea.elearningsolutions.net/ContentFiles/IdealStudioFiles/AI_Section_4-439a2c85-26b8-4380-8417-55be31906d45.jpg","IsSuccess":false,"ErrorMessage":null}],"YoutubeUrl":null,"AudioDuration":22,"SpeechAudioUrl":"https://aidea.elearningsolutions.net/ContentFiles/IdealStudioFiles/AI_Section_4_97721269-ec31-40bc-81e4-b3afbd7b8b1a.mp3","SpeechFileName":"AI_Section_4_97721269-ec31-40bc-81e4-b3afbd7b8b1a.mp3","RelevantDocumentPart":null},{"PageStyle":5,"YoutubeSearchKeyword":null,"Index":5,"Title":"Kayıt Açma Kuralları","Description":null,"Content":{"subtitle1":"Devam Eden Süreçlerde","subtext1":"Hızlandırma Kaydı Mevcut İşlemden Açılır","subtitle2":"Mükerrer Kayıttan Kaçınma","subtext2":"Açık veya Son 24 Saatlik Kayıt Varsa Yeni Kayıt Açılmaz"},"NarrationText":"Bir üyenin hâlihazırda devam eden bir aktivasyon ya da arıza süreci varsa, hızlandırma kaydı mevcut işlem üzerinden açılmalıdır. Eğer üyenin açık bir hızlandırma kaydı varsa ya da son 24 saat içinde açılıp kapanmış bir hızlandırma kaydı bulunuyorsa, yeni kayıt açılmamalı; mevcut kayıttaki bilgiler dikkate alınmalıdır.","Images":[{"ImagePrompt":"Warning symbol on a digital ticket system showing duplicate requests, user interface highlighting active and recently closed tickets, workflow control","ImageSize":"W1024xH1024","ImageUrl":"https://aidea.elearningsolutions.net/ContentFiles/IdealStudioFiles/AI_Section_5-f882c0bf-d190-4bd1-beb7-628db0d10b40.jpg","IsSuccess":false,"ErrorMessage":null}],"YoutubeUrl":null,"AudioDuration":19,"SpeechAudioUrl":"https://aidea.elearningsolutions.net/ContentFiles/IdealStudioFiles/AI_Section_5_184dcc24-68e9-4f09-bd10-6c9e4502cbe4.mp3","SpeechFileName":"AI_Section_5_184dcc24-68e9-4f09-bd10-6c9e4502cbe4.mp3","RelevantDocumentPart":null},{"PageStyle":6,"YoutubeSearchKeyword":null,"Index":6,"Title":"Kayıtların Kimler Tarafından Kullanılacağı","Description":null,"Content":{"paragraph1":"Hızlandırma Kayıtları, Çağrı Karşılayan İnternet Ekipleri Tarafından Açılır.","paragraph2":"Aktivasyon ve Backoffice Ekipleri İşlem Alır; Doğru Ekip ve Süreç Yönetimi Esastır."},"NarrationText":"İlgili hızlandırma istek kayıtları, çağrı karşılayan internet ekipleri tarafından, belirlenen kurallar çerçevesinde kullanılmalıdır. Aktivasyon ve Backoffice ekipleri, bu kayıtlara müdahale edip gerekli aksiyonları alır. Doğru ekip ve sürecin seçilmesi, taleplerin etkin yönetimine katkı sağlamaktadır.","Images":[{"ImagePrompt":"Two different teams, one labeled as activation and one as backoffice, working at computers with digital task assignment screens, division of labor visual","ImageSize":"W1024xH1024","ImageUrl":"https://aidea.elearningsolutions.net/ContentFiles/IdealStudioFiles/AI_Section_6-7d9747f7-13bc-42d1-8f8c-b0c47293751d.jpg","IsSuccess":false,"ErrorMessage":null},{"ImagePrompt":"Customer care representative routing a digital ticket to the correct team, collaboration, clear team roles, process clarity emphasized","ImageSize":"W1024xH1024","ImageUrl":"https://aidea.elearningsolutions.net/ContentFiles/IdealStudioFiles/AI_Section_6-2b78552d-56d9-493d-bdd9-184cdd58fcec.jpg","IsSuccess":false,"ErrorMessage":null}],"YoutubeUrl":null,"AudioDuration":19,"SpeechAudioUrl":"https://aidea.elearningsolutions.net/ContentFiles/IdealStudioFiles/AI_Section_6_0f51fd9b-a35b-4913-b6cc-c3094cd00df3.mp3","SpeechFileName":"AI_Section_6_0f51fd9b-a35b-4913-b6cc-c3094cd00df3.mp3","RelevantDocumentPart":null},{"PageStyle":7,"YoutubeSearchKeyword":null,"Index":7,"Title":"Hızlandırma Talebinde Kullanılacak Kayıt Tipleri","Description":null,"Content":{"paragraph":"İki Ana Kayıt Tipi Kullanılır; 1240 ISP/Aktivasyon Hızlandırma Kayıtları ve 1241 ISP/Backoffice Hızlandırma Kayıtları. Tüm Talepler Bu Kayıtlar Üzerinden Yönetilmelidir."},"NarrationText":"Hızlandırma taleplerinin yönetiminde iki ana istek kaydı kullanılmaktadır. 1240 ISP/Aktivasyon Hızlandırma kaydı, aktivasyon ekipleri için; 1241 ISP/Backoffice Hızlandırma kaydı ise backoffice ekipleri için kullanılmalıdır. Tüm talepler bu kayıtlar üzerinden yönetilmeli, farklı yollar tercih edilmemelidir.","Images":[{"ImagePrompt":"Comparison of two distinct digital ticket types labeled 1240 and 1241, color-coded, with workflow lines connecting activation and backoffice teams, tech background","ImageSize":"W1792xH1024","ImageUrl":"https://aidea.elearningsolutions.net/ContentFiles/IdealStudioFiles/AI_Section_7-cc18205c-d735-4b3b-bd41-264d8a5c1db6.jpg","IsSuccess":false,"ErrorMessage":null}],"YoutubeUrl":null,"AudioDuration":21,"SpeechAudioUrl":"https://aidea.elearningsolutions.net/ContentFiles/IdealStudioFiles/AI_Section_7_ab4a03ff-ef4e-45e6-85c0-7eb52779fc70.mp3","SpeechFileName":"AI_Section_7_ab4a03ff-ef4e-45e6-85c0-7eb52779fc70.mp3","RelevantDocumentPart":null},{"PageStyle":8,"YoutubeSearchKeyword":null,"Index":8,"Title":"Detaylı Açıklama Zorunluluğu","Description":null,"Content":{"paragraph1":"Her Hızlandırma Kaydında Detaylı Açıklama Olmalıdır.","paragraph2":"Yetersiz Açıklama Süreci Aksatır; Eksiksiz Bilgi Girişi Önceliklidir."},"NarrationText":"Her açılacak hızlandırma kaydının içine detaylı açıklama eklenmesi zorunludur. İstek açıklaması olmadan ya da yetersiz bilgiyle yapılan kayıtlar sürecin aksamasına neden olabilir. Bu, işlem takibini kolaylaştırır ve sorunun daha hızlı çözülmesini sağlar. Eksiksiz bilgi girişi her zaman öncelikli olmalıdır.","Images":[{"ImagePrompt":"A digital form with a detailed notes section filled in, warning icon on missing details, data entry focus, process tracking visual","ImageSize":"W1024xH1024","ImageUrl":"https://aidea.elearningsolutions.net/ContentFiles/IdealStudioFiles/AI_Section_8-909a2c93-07a1-4a09-8bff-e9626970f67c.jpg","IsSuccess":false,"ErrorMessage":null}],"YoutubeUrl":null,"AudioDuration":19,"SpeechAudioUrl":"https://aidea.elearningsolutions.net/ContentFiles/IdealStudioFiles/AI_Section_8_11d7a30f-8028-42bd-b199-21c9e28d52a6.mp3","SpeechFileName":"AI_Section_8_11d7a30f-8028-42bd-b199-21c9e28d52a6.mp3","RelevantDocumentPart":null},{"PageStyle":9,"YoutubeSearchKeyword":null,"Index":9,"Title":"Mükerrer Kayıt ve Yanlış Kayıtlara Dikkat","Description":null,"Content":{"paragraph":"Mükerrer Kayıtlardan Kaçınılmalıdır; Yanlış Konularda Kayıt Açılmamalıdır.","list":"Aynı Konuda Tekrar Kayıttan Kaçının; Fatura İtirazı İçin Kayıt Açılmaz; E-posta Yerine Kayıt Sistemi Kullanılır; Belirlenen Kriterlere Uyulmalı"},"NarrationText":"Kayıt oluşturulurken aynı konuda tekrar kayıt açılmamalı, yani mükerrer isteklerden kaçınılmalıdır. Finans ekibi kontrolündeki fatura itirazları gibi konularda ise hızlandırma kayıtları kesinlikle kullanılmamalıdır. Eski süreçteki gibi e-posta ile bildirim yapılmamalı, belirtilen kriterlere uygun hareket edilmelidir.","Images":[{"ImagePrompt":"Duplicate and incorrect digital records marked with warning icons, a checklist of do's and don'ts, user interface elements for process validation","ImageSize":"W1024xH1792","ImageUrl":"https://aidea.elearningsolutions.net/ContentFiles/IdealStudioFiles/AI_Section_9-65d32631-7f5f-4790-ace0-be2f674f722a.jpg","IsSuccess":false,"ErrorMessage":null}],"YoutubeUrl":null,"AudioDuration":20,"SpeechAudioUrl":"https://aidea.elearningsolutions.net/ContentFiles/IdealStudioFiles/AI_Section_9_31807e5d-9234-4220-bb8f-cc9d2b5d0f56.mp3","SpeechFileName":"AI_Section_9_31807e5d-9234-4220-bb8f-cc9d2b5d0f56.mp3","RelevantDocumentPart":null},{"PageStyle":10,"YoutubeSearchKeyword":null,"Index":10,"Title":"Eğitimin Kapanışı ve Önemli Noktalar","Description":null,"Content":{"paragraph1":"İşlem Hızlandırma Taleplerinde Süreç Kurallarına Mutlaka Uyulmalıdır. Yanlış veya Gereksiz Kayıt Açılması Durumunda Gerekli Aksiyonlar Alınır.","paragraph2":"Amaç: Taleplerin Daha Düzenli, Hızlı ve Etkili Şekilde İşlenmesi Sağlanır."},"NarrationText":"İşlem hızlandırma taleplerinin doğru şekilde yönetilmesi için sürecin kurallarına uyulması gerekmektedir. Hatalı ya da gereksiz şekilde oluşturulan kayıtlar veya kayıt açılması gerekirken açılmaması durumunda gerekli aksiyonlar alınmaktadır. Güncellenen süreçle amaç; taleplerin daha düzenli, hızlı ve etkili bir şekilde işlenmesidir.","Images":[{"ImagePrompt":"A digital task management dashboard showing compliance and warnings, team meeting discussing improvements, fast and efficient workflow illustration","ImageSize":"W1024xH1792","ImageUrl":"https://aidea.elearningsolutions.net/ContentFiles/IdealStudioFiles/AI_Section_10-83db71fb-7912-420e-8f5a-c5893300553b.jpg","IsSuccess":false,"ErrorMessage":null}],"YoutubeUrl":null,"AudioDuration":20,"SpeechAudioUrl":"https://aidea.elearningsolutions.net/ContentFiles/IdealStudioFiles/AI_Section_10_cb533298-44d4-466c-91a1-dc9a43818e27.mp3","SpeechFileName":"AI_Section_10_cb533298-44d4-466c-91a1-dc9a43818e27.mp3","RelevantDocumentPart":null},{"PageStyle":11,"YoutubeSearchKeyword":"Broadband Ekiplerinin İşlem Hızlandırma Talepleri Eğitimi","Index":11,"Title":"Broadband Ekiplerinin İşlem Hızlandırma Talepleri Eğitimi","Description":null,"Content":null,"NarrationText":null,"Images":null,"YoutubeUrl":"https://www.youtube.com/watch?v=ks54SZJ3efQ","AudioDuration":0,"SpeechAudioUrl":null,"SpeechFileName":null,"RelevantDocumentPart":null},{"PageStyle":12,"YoutubeSearchKeyword":null,"Index":12,"Title":"Question 1","Description":null,"Content":null,"NarrationText":null,"Images":null,"YoutubeUrl":null,"AudioDuration":4,"SpeechAudioUrl":"https://aidea.elearningsolutions.net/ContentFiles/IdealStudioFiles/1-12_ai_Questionf1d18631-6c78-4177-96bf-47c857577f14.mp3","SpeechFileName":"1-12_ai_Questionf1d18631-6c78-4177-96bf-47c857577f14.mp3","RelevantDocumentPart":null},{"PageStyle":13,"YoutubeSearchKeyword":null,"Index":13,"Title":"Question 2","Description":null,"Content":null,"NarrationText":null,"Images":null,"YoutubeUrl":null,"AudioDuration":7,"SpeechAudioUrl":"https://aidea.elearningsolutions.net/ContentFiles/IdealStudioFiles/1-13_ai_Questioncf5a03b9-6450-4af7-a400-3464cca93c76.mp3","SpeechFileName":"1-13_ai_Questioncf5a03b9-6450-4af7-a400-3464cca93c76.mp3","RelevantDocumentPart":null},{"PageStyle":14,"YoutubeSearchKeyword":null,"Index":14,"Title":"Question 3","Description":null,"Content":null,"NarrationText":null,"Images":null,"YoutubeUrl":null,"AudioDuration":4,"SpeechAudioUrl":"https://aidea.elearningsolutions.net/ContentFiles/IdealStudioFiles/1-14_ai_Questione4e9f93a-3042-4d94-bf63-a815afbfa4ce.mp3","SpeechFileName":"1-14_ai_Questione4e9f93a-3042-4d94-bf63-a815afbfa4ce.mp3","RelevantDocumentPart":null},{"PageStyle":100,"YoutubeSearchKeyword":null,"Index":100,"Title":"Şimdi Sıra Sizde","Description":null,"Content":"\"%3Cp%20style=%22text-align:%20center;%22%3E%3Cspan%20style=%22font-size:2.857142857142857em;%22%3E%3Cspan%20style=%22color:#ffffff;%22%3E%3Cspan%20style=%22font-family:Alata,sans-serif;%22%3E%C5%9Eimdi%20%3C/span%3E%3C/span%3E%3C/span%3E%3C/p%3E%0A%0A%3Cp%20style=%22text-align:%20center;%22%3E%C2%A0%3C/p%3E%0A%0A%3Cp%20style=%22text-align:%20center;%22%3E%3Cspan%20style=%22font-size:2.857142857142857em;%22%3E%3Cspan%20style=%22color:#ffffff;%22%3E%3Cspan%20style=%22font-family:Alata,sans-serif;%22%3ES%C4%B1ra%20Sizde%3C/span%3E%3C/span%3E%3C/span%3E%3C/p%3E%0A\"","NarrationText":null,"Images":null,"YoutubeUrl":null,"AudioDuration":2,"SpeechAudioUrl":"https://aidea.elearningsolutions.net/ContentFiles/IdealStudioFiles/AI_Section_100_21a5e376-97e2-4ae8-b71c-89815d7fe8c0.mp3","SpeechFileName":"AI_Section_100_21a5e376-97e2-4ae8-b71c-89815d7fe8c0.mp3","RelevantDocumentPart":null},{"PageStyle":101,"YoutubeSearchKeyword":null,"Index":101,"Title":"Tebrikler, Eğitimi Tamamladınız","Description":null,"Content":"\"%3Cp%20style=%22text-align:%20center;%22%3E%3Cspan%20style=%22color:#ffffff;%22%3E%3Cspan%20style=%22font-size:2.5em;%22%3E%3Cspan%20style=%22font-family:Alata,sans-serif;%22%3E%3Cstrong%3ETebrikler,%20E%C4%9Fitimi%20Tamamlad%C4%B1n%C4%B1z%3C/strong%3E%3C/span%3E%3C/span%3E%3C/span%3E%3C/p%3E%0A\"","NarrationText":null,"Images":null,"YoutubeUrl":null,"AudioDuration":3,"SpeechAudioUrl":"https://aidea.elearningsolutions.net/ContentFiles/IdealStudioFiles/AI_Section_101_93e39bba-99f2-4079-be31-a7f4b89bac73.mp3","SpeechFileName":"AI_Section_101_93e39bba-99f2-4079-be31-a7f4b89bac73.mp3","RelevantDocumentPart":null}],"GeneralQuiz":[{"Index":12,"Type":0,"Question":"İşlem hızlandırma taleplerinde hangi kayıt tipleri kullanılmalıdır?","Options":["Yalnızca mail yoluyla talepler","1240 ISP/Aktivasyon ve 1241 ISP/Backoffice hızlandırma kayıtları","Sadece eski istek kayıtları","Yalnızca telefonla alınan talepler"],"CorrectAnswers":["1240 ISP/Aktivasyon ve 1241 ISP/Backoffice hızlandırma kayıtları"],"Statements":null,"IsSuccess":true,"ErrorMessage":null},{"Index":13,"Type":1,"Question":"Aşağıdakilerden hangileri işlem hızlandırma taleplerinin yönetiminde dikkat edilmesi gereken kurallardandır?","Options":["Mükerrer kayıtlardan kaçınılması","Yetersiz açıklamalarla kayıt açılması","Doğru ekip ve süreç yönetimi","Süreçlerin güncel kayıtlarla takip edilmemesi"],"CorrectAnswers":["Mükerrer kayıtlardan kaçınılması","Doğru ekip ve süreç yönetimi"],"Statements":null,"IsSuccess":true,"ErrorMessage":null},{"Index":14,"Type":2,"Question":"Aşağıdaki ifadelerin Doğru mu Yanlış mı olduğuna karar verin","Options":null,"CorrectAnswers":null,"Statements":[{"Statement":"Aktivasyon sürecinde kurulum başlamadıysa beşinci gün sonunda hızlandırma talebi yapılabilir.","Answer":"True"},{"Statement":"Hızlandırma kayıtları, herhangi bir ekip tarafından açılabilir.","Answer":"False"},{"Statement":"Mükerrer kayıt açmak, süreç yönetiminde önerilen bir uygulamadır.","Answer":"False"},{"Statement":"Her hızlandırma kaydında detaylı açıklama yapılması süreçlerin sağlıklı ilerlemesi için önemlidir.","Answer":"True"}],"IsSuccess":true,"ErrorMessage":null}],"IsSuccess":true,"ErrorMessage":"","ErrorCode":0,"ThreadId":null,"FullDocumentText":null,"SummaryDocumentText":null}