{"CourseInfo":{"Title":"Hayatta Başarılı Olmak İçin Etkili İletişim Eğitimi","Description":"Bu eğitimde katılımcılar, etkili iletişimin temel bileşenlerini, süreçlerini, önde gelen iletişim modellerini, kişisel ve toplumsal başarıdaki rolünü, iletişim yetkinliklerinin geliştirilme yollarını, geri bildirim tekniklerini, kültürlerarası iletişimi ve tarihsel-araştırma temelli gelişimini öğreneceklerdir.","Objective":null,"TargetAudience":null,"CourseImageUrl":"https://localhost/ContentFiles/IdealStudioFiles/1-ai-CourseCoverImage-05915a90-456e-4b80-94ff-e0086e31bccd.png","AudioDuration":4,"SpeechAudioUrl":"https://localhost/ContentFiles/IdealStudioFiles/1-ai-CourseCoverSpeech-89099345-0df9-4318-8d82-ef3a90ba2edd.mp3","SpeechFileName":"1-ai-CourseCoverSpeech-89099345-0df9-4318-8d82-ef3a90ba2edd.mp3"},"Sections":[{"PageStyle":26,"YoutubeSearchKeyword":null,"Index":1,"Title":"Giriş: Etkili İletişimin Tanımı ve Önemi","Description":null,"Content":{"paragraph":"Etkili iletişim, bireylerin düşüncelerini, duygularını ve bilgilerini açık ve karşılıklı anlayışa dayalı şekilde paylaşmasını sağlar. Başarıyla doğrudan ilişkili; doğru sözlü ve sözsüz mesaj aktarımı; Eğitim: temel bileşenler, tarihsel gelişim, teoriler ve önemli kavramlar"},"NarrationText":"Etkili iletişim, bireylerin düşüncelerini, duygularını ve bilgilerini açık ve karşılıklı anlayışa dayalı şekilde paylaşmasını sağlar. Hem kişisel hem toplumsal hayatta başarıyla doğrudan ilişkili olan bu beceri; sözlü ve sözsüz mesajların doğru aktarımını içerir. Bu eğitimde, etkili iletişimin temel bileşenleri, tarihsel gelişimi, ana teorileri ve eğitimde önemli kavramlar ele alınacaktır.","Images":[],"YoutubeUrl":null,"AudioDuration":25,"SpeechAudioUrl":"https://localhost/ContentFiles/IdealStudioFiles/AI_Section_1_45e82597-9214-41e9-a819-13af46331c1b.mp3","SpeechFileName":"AI_Section_1_45e82597-9214-41e9-a819-13af46331c1b.mp3","RelevantDocumentPart":null},{"PageStyle":27,"YoutubeSearchKeyword":null,"Index":2,"Title":"İletişim Sürecinin Temel Unsurları","Description":null,"Content":{"paragraph":"İletişim sürecinin temel bileşenleri; mesajı başlatan kaynak, iletilmek istenen mesaj, mesajın iletildiği kanal, mesajı alan alıcı ve alıcının verdiği geri bildirimdir.","subtext1":"Gürültü, iletişimi engelleyebilecek faktörlerden biridir.","subtext2":"Bu unsurlar sağlıklı bir iletişimin temelidir."},"NarrationText":"İletişim sürecinin temel bileşenleri; mesajı başlatan kaynak, iletilmek istenen mesaj, mesajın iletildiği kanal, mesajı alan alıcı ve alıcının verdiği geri bildirimdir. Ayrıca, iletişimde engelleyici faktörler olan gürültü de bu süreci etkiler. Bu unsurlar, sağlıklı ve etkili bir iletişim için kritik bir temel oluşturur.","Images":[{"ImagePrompt":"communication process diagram","ImageSize":"W1024xH1792","ImageUrl":"https://localhost/ContentFiles/IdealStudioFiles/AI_Section_2-8693d93a-be05-46aa-beaf-a52c2ffd17e4.png","IsSuccess":false,"ErrorMessage":null}],"YoutubeUrl":null,"AudioDuration":21,"SpeechAudioUrl":"https://localhost/ContentFiles/IdealStudioFiles/AI_Section_2_8ed543b8-df10-4b6c-bb34-8200e32d91dc.mp3","SpeechFileName":"AI_Section_2_8ed543b8-df10-4b6c-bb34-8200e32d91dc.mp3","RelevantDocumentPart":null},{"PageStyle":15,"YoutubeSearchKeyword":null,"Index":3,"Title":"Sözlü ve Sözsüz İletişimin Rolü","Description":null,"Content":{"paragraph":"Sözlü iletişim, kelimeler aracılığıyla bilgi aktarımını sağlarken, sözsüz iletişim; beden dili, jestler, mimikler ve ses tonu gibi dil dışı unsurları kapsar.","list":"Bilgilerin aktarımı için hem sözlü hem de sözsüz işaretler kullanılır.;Sözsüz iletişim, duyguların ve niyetlerin anlaşılmasında büyük rol oynar.;Her iki iletişim türünün etkin kullanımı hayati öneme sahiptir."},"NarrationText":"Sözlü iletişim, kelimeler aracılığıyla bilgi aktarımını sağlarken, sözsüz iletişim; beden dili, jestler, mimikler ve ses tonu gibi dil dışı unsurları kapsar. Bilimsel çalışmalar, duygularımızı ve niyetlerimizi çoğunlukla sözsüz işaretlerle aktardığımızı göstermektedir. Bu nedenle her iki iletişim türünü de etkin olarak kullanmak hayati öneme sahiptir.","Images":[{"ImagePrompt":"verbal nonverbal communication","ImageSize":"W1024xH1792","ImageUrl":"https://localhost/ContentFiles/IdealStudioFiles/AI_Section_3-59753cbe-d67a-44a1-84ff-a8d498393945.png","IsSuccess":false,"ErrorMessage":null}],"YoutubeUrl":null,"AudioDuration":22,"SpeechAudioUrl":"https://localhost/ContentFiles/IdealStudioFiles/AI_Section_3_29003a2c-60f0-4102-95b7-bc69c6b2b072.mp3","SpeechFileName":"AI_Section_3_29003a2c-60f0-4102-95b7-bc69c6b2b072.mp3","RelevantDocumentPart":null},{"PageStyle":21,"YoutubeSearchKeyword":null,"Index":4,"Title":"Aktif Dinleme ve İletişime Etkisi","Description":null,"Content":{"paragraph1":"Aktif dinleme; verilen mesajı dikkatlice takip etme, anlama ve uygun tepkiler verme sürecini ifade eder.","paragraph2":"Bu beceri empati, sabır ve odaklanma gerektirir.","paragraph3":"Aktif dinleme, iletişimde yanlış anlamaları ve çatışmaları azaltır."},"NarrationText":"Aktif dinleme; verilen mesajı dikkatlice takip etme, anlama ve uygun tepkiler verme sürecini ifade eder. Empati, sabır ve odaklanma gerektiren bu beceri, iletişimde yanlış anlamaların ve çatışmaların azalmasına katkı sağlar. Sağlıklı iletişim ortamları için aktif dinleme alışkanlığının geliştirilmesi gereklidir.","Images":[{"ImagePrompt":"active listening people","ImageSize":"W1024xH1792","ImageUrl":"https://localhost/ContentFiles/IdealStudioFiles/AI_Section_4-95df8bed-e7b9-40e5-bfbc-8bbddde6cb5d.png","IsSuccess":false,"ErrorMessage":null}],"YoutubeUrl":null,"AudioDuration":20,"SpeechAudioUrl":"https://localhost/ContentFiles/IdealStudioFiles/AI_Section_4_e058b8b9-2240-4171-bfc2-d491fb8cabf0.mp3","SpeechFileName":"AI_Section_4_e058b8b9-2240-4171-bfc2-d491fb8cabf0.mp3","RelevantDocumentPart":null},{"PageStyle":4,"YoutubeSearchKeyword":null,"Index":5,"Title":"İletişim Teorileri: Shannon-Weaver ve Berlo","Description":null,"Content":{"paragraph":"Shannon ve Weaver modeli, iletişimi teknik bir süreç olarak ele alır ve iletişimin bozulmasını analiz etmekte kullanılır.","list":"İletişimde teknik süreçlerin önemi;Bozulmaların tespiti için iletişim modelleri;SMCR modeli: bilgi seviyesi, tutumlar;Kaynak ve alıcı farklılıklarının rolü"},"NarrationText":"Shannon ve Weaver modeli, iletişimi teknik bir süreç olarak ele alır ve iletişimin bozulmasını analiz etmekte kullanılır. Berlo’nun SMCR modeli ise, kaynağın ve alıcının iletişim yeterlilikleri, bilgi seviyesi ve tutumlarındaki farklılıkların iletinin başarısında ne kadar önemli olduğunu vurgular.","Images":[{"ImagePrompt":"shannon weaver berlo model","ImageSize":"W1792xH1024","ImageUrl":"https://localhost/ContentFiles/IdealStudioFiles/AI_Section_5-eb93d0fd-6dad-404e-8c26-91cb726df7a8.png","IsSuccess":false,"ErrorMessage":null}],"YoutubeUrl":null,"AudioDuration":18,"SpeechAudioUrl":"https://localhost/ContentFiles/IdealStudioFiles/AI_Section_5_30eae9ea-0d78-495c-9f60-6b5fe376f726.mp3","SpeechFileName":"AI_Section_5_30eae9ea-0d78-495c-9f60-6b5fe376f726.mp3","RelevantDocumentPart":null},{"PageStyle":28,"YoutubeSearchKeyword":null,"Index":6,"Title":"Johari Penceresi ve Kişilerarası İletişim","Description":null,"Content":{"list":"Johari Penceresi modeli kendini ve başkalarını tanıma üzerine odaklanır.;Açık alan, hem kişinin hem de başkalarının bildiğidir.;Gizli, kör ve bilinmeyen alanlar iletişim şeffaflığını etkiler.;Model karşılıklı anlayışı ve şeffaflığı güçlendirir."},"NarrationText":"Johari Penceresi, kişilerarası ilişkilerde kendimizi ne kadar tanıdığımızı ve başkaları tarafından ne kadar tanındığımızı analiz eden bir modeldir. Açık, gizli, kör ve bilinmeyen alanlar aracılığıyla, iletişimde şeffaflık ve karşılıklı anlayışın geliştirilmesi hedeflenir.","Images":[{"ImagePrompt":"johari window diagram","ImageSize":"W1024xH1792","ImageUrl":"https://localhost/ContentFiles/IdealStudioFiles/AI_Section_6-041ccbb0-2bf0-4339-959e-97be4286d298.png","IsSuccess":false,"ErrorMessage":null}],"YoutubeUrl":null,"AudioDuration":17,"SpeechAudioUrl":"https://localhost/ContentFiles/IdealStudioFiles/AI_Section_6_6b94662b-7101-4b66-b453-2dfcb1564a03.mp3","SpeechFileName":"AI_Section_6_6b94662b-7101-4b66-b453-2dfcb1564a03.mp3","RelevantDocumentPart":null},{"PageStyle":29,"YoutubeSearchKeyword":null,"Index":7,"Title":"Kişisel ve Toplumsal Başarıda İletişimin Yeri","Description":null,"Content":{"list":"Etkili iletişim öz güven ve problem çözme ile ilişkilidir.;Sağlıklı sınırlar ve işbirliği için gereklidir.;Liderlik ve takım çalışmasında vazgeçilmezdir.;Kriz yönetimini olumlu etkiler."},"NarrationText":"Etkili iletişim becerileri, yüksek öz güven, düşük kaygı düzeyi ve gelişmiş problem çözme kabiliyetleriyle yakından ilişkilidir. Kişilerarası ilişkilerde sağlıklı sınırlar kurmak ve işbirliklerini yönetebilmek için gereklidir. Aynı zamanda liderlik, takım çalışması ve kriz yönetimi gibi profesyonel alanlarda da vazgeçilmezdir.","Images":[{"ImagePrompt":"personal success communication","ImageSize":"W1024xH1024","ImageUrl":"https://localhost/ContentFiles/IdealStudioFiles/AI_Section_7-56752ddf-c4cb-4bff-94e8-183f176afe9e.png","IsSuccess":false,"ErrorMessage":null},{"ImagePrompt":"teamwork communication skills","ImageSize":"W1024xH1024","ImageUrl":"https://localhost/ContentFiles/IdealStudioFiles/AI_Section_7-18b2bf9a-d2e4-44af-a26a-44f2b53602f0.png","IsSuccess":false,"ErrorMessage":null}],"YoutubeUrl":null,"AudioDuration":20,"SpeechAudioUrl":"https://localhost/ContentFiles/IdealStudioFiles/AI_Section_7_15e6572e-a3c0-484b-bb30-130f8af9d834.mp3","SpeechFileName":"AI_Section_7_15e6572e-a3c0-484b-bb30-130f8af9d834.mp3","RelevantDocumentPart":null},{"PageStyle":30,"YoutubeSearchKeyword":null,"Index":8,"Title":"İletişim Yetkinliklerinin Geliştirilmesi ve Geri Bildirim","Description":null,"Content":{"list":"Empati, öz farkındalık, duygusal zeka ve asertiflik iletişim eğitiminin temel taşlarıdır.;Yapıcı ve objektif geribildirim başarı için gereklidir."},"NarrationText":"Empati, öz farkındalık, duygusal zeka ve asertiflik; etkili iletişim eğitiminin temel taşlarıdır. Katılımcılığın artırılması için açık uçlu sorular ve yansıtıcı dinleme teknikleri kullanılır. Hem yapıcı hem de objektif geribildirim verme ve alma becerileri, başarılı iletişim süreçlerinin ayrılmaz bir parçasıdır.","Images":[{"ImagePrompt":"communication skills feedback","ImageSize":"W1792xH1024","ImageUrl":"https://localhost/ContentFiles/IdealStudioFiles/AI_Section_8-4e149ba6-f579-4c7f-85aa-d578b5f0f63c.png","IsSuccess":false,"ErrorMessage":null}],"YoutubeUrl":null,"AudioDuration":20,"SpeechAudioUrl":"https://localhost/ContentFiles/IdealStudioFiles/AI_Section_8_48df14aa-c38a-4632-ad1b-3c8af0b6abb2.mp3","SpeechFileName":"AI_Section_8_48df14aa-c38a-4632-ad1b-3c8af0b6abb2.mp3","RelevantDocumentPart":null},{"PageStyle":10,"YoutubeSearchKeyword":null,"Index":9,"Title":"Kültürlerarası İletişim ve Modern Eğitim Teknikleri","Description":null,"Content":{"paragraph1":"Farklı kültürel kodlar arasında iletişim engelleri yaşanabilir; kültürel zeka bu noktada önem taşır.","paragraph2":"Modern eğitimde rol yapma, geribildirim oturumları ve dijital simülasyonlar yaygındır."},"NarrationText":"Farklı kültürel kodlar arasında iletişim engelleri yaşanabilir; kültürel zeka bu noktada önem taşır. Modern araştırmalar, etkili iletişim eğitiminin akademik ve mesleki başarıya olumlu katkı sağladığını göstermektedir. Etkileşimli eğitim teknikleri, rol yapma, geribildirim oturumları ve dijital iletişim simülasyonları yaygın olarak kullanılmaktadır.","Images":[{"ImagePrompt":"intercultural modern education","ImageSize":"W1024xH1792","ImageUrl":"https://localhost/ContentFiles/IdealStudioFiles/AI_Section_9-40c6a1dc-b33b-44ca-a10a-1cb7ab5fb8c7.png","IsSuccess":false,"ErrorMessage":null}],"YoutubeUrl":null,"AudioDuration":21,"SpeechAudioUrl":"https://localhost/ContentFiles/IdealStudioFiles/AI_Section_9_cb7f3798-622a-4acb-9420-58e01f9326ad.mp3","SpeechFileName":"AI_Section_9_cb7f3798-622a-4acb-9420-58e01f9326ad.mp3","RelevantDocumentPart":null},{"PageStyle":21,"YoutubeSearchKeyword":null,"Index":10,"Title":"Sonuç ve Temel Çıkarımlar","Description":null,"Content":{"paragraph1":"Etkili iletişim, bireylerin hem özel hem de profesyonel yaşamlarında başarı elde etmeleri için gereklidir.","paragraph2":"Sunulan bilgiler modern ve kapsamlı bakış açısı sunar.","paragraph3":"Verimli iletişim ortamları sürdürülebilirliği destekler."},"NarrationText":"Etkili iletişim, bireylerin hem özel hem de profesyonel yaşamlarında başarı elde etmeleri için gereklidir. Bu eğitimde sunulan bilgiler, güncel, bilimsel ve kapsamlı bir bakış açısı kazandırmayı amaçlamaktadır. Sağlıklı ve verimli bir iletişim ortamı oluşturmak, bireysel ve kurumsal sürdürülebilirliği destekler.","Images":[{"ImagePrompt":"communication success conclusion","ImageSize":"W1024xH1792","ImageUrl":"https://localhost/ContentFiles/IdealStudioFiles/AI_Section_10-85aad140-afb7-4370-8abd-46bf19cb361b.png","IsSuccess":false,"ErrorMessage":null}],"YoutubeUrl":null,"AudioDuration":19,"SpeechAudioUrl":"https://localhost/ContentFiles/IdealStudioFiles/AI_Section_10_e7dd214e-3e85-4f09-bc5e-cd358ca3ed15.mp3","SpeechFileName":"AI_Section_10_e7dd214e-3e85-4f09-bc5e-cd358ca3ed15.mp3","RelevantDocumentPart":null},{"PageStyle":11,"YoutubeSearchKeyword":"Hayatta Başarılı Olmak İçin Etkili İletişim Eğitimi","Index":11,"Title":"Hayatta Başarılı Olmak İçin Etkili İletişim Eğitimi","Description":null,"Content":null,"NarrationText":null,"Images":null,"YoutubeUrl":"https://www.youtube.com/watch?v=nLHzBVnUUTg","AudioDuration":0,"SpeechAudioUrl":null,"SpeechFileName":null,"RelevantDocumentPart":null},{"PageStyle":12,"YoutubeSearchKeyword":null,"Index":12,"Title":"Question 1","Description":null,"Content":null,"NarrationText":null,"Images":null,"YoutubeUrl":null,"AudioDuration":5,"SpeechAudioUrl":"https://localhost/ContentFiles/IdealStudioFiles/1-12_ai_Question16331326-6843-44e4-af9a-c2c81ac7d4fa.mp3","SpeechFileName":"1-12_ai_Question16331326-6843-44e4-af9a-c2c81ac7d4fa.mp3","RelevantDocumentPart":null},{"PageStyle":13,"YoutubeSearchKeyword":null,"Index":13,"Title":"Question 2","Description":null,"Content":null,"NarrationText":null,"Images":null,"YoutubeUrl":null,"AudioDuration":5,"SpeechAudioUrl":"https://localhost/ContentFiles/IdealStudioFiles/1-13_ai_Question5b1a6c28-e5e0-4db3-872a-d8e7fbaad799.mp3","SpeechFileName":"1-13_ai_Question5b1a6c28-e5e0-4db3-872a-d8e7fbaad799.mp3","RelevantDocumentPart":null},{"PageStyle":14,"YoutubeSearchKeyword":null,"Index":14,"Title":"Question 3","Description":null,"Content":null,"NarrationText":null,"Images":null,"YoutubeUrl":null,"AudioDuration":4,"SpeechAudioUrl":"https://localhost/ContentFiles/IdealStudioFiles/1-14_ai_Question90ebb725-40a9-4a9b-a7e3-ef4004a65516.mp3","SpeechFileName":"1-14_ai_Question90ebb725-40a9-4a9b-a7e3-ef4004a65516.mp3","RelevantDocumentPart":null},{"PageStyle":100,"YoutubeSearchKeyword":null,"Index":100,"Title":"Şimdi Sıra Sizde","Description":null,"Content":"\"%3Cp%20style=%22text-align:%20center;%22%3E%3Cspan%20style=%22font-size:2.857142857142857em;%22%3E%3Cspan%20style=%22color:#ffffff;%22%3E%3Cspan%20style=%22font-family:Alata,sans-serif;%22%3E%C5%9Eimdi%20%3C/span%3E%3C/span%3E%3C/span%3E%3C/p%3E%0A%0A%3Cp%20style=%22text-align:%20center;%22%3E%C2%A0%3C/p%3E%0A%0A%3Cp%20style=%22text-align:%20center;%22%3E%3Cspan%20style=%22font-size:2.857142857142857em;%22%3E%3Cspan%20style=%22color:#ffffff;%22%3E%3Cspan%20style=%22font-family:Alata,sans-serif;%22%3ES%C4%B1ra%20Sizde%3C/span%3E%3C/span%3E%3C/span%3E%3C/p%3E%0A\"","NarrationText":null,"Images":null,"YoutubeUrl":null,"AudioDuration":2,"SpeechAudioUrl":"https://localhost/ContentFiles/IdealStudioFiles/AI_Section_100_b07092d8-1411-4888-88b9-ce96abbcafd4.mp3","SpeechFileName":"AI_Section_100_b07092d8-1411-4888-88b9-ce96abbcafd4.mp3","RelevantDocumentPart":null},{"PageStyle":101,"YoutubeSearchKeyword":null,"Index":101,"Title":"Tebrikler, Eğitimi Tamamladınız","Description":null,"Content":"\"%3Cp%20style=%22text-align:%20center;%22%3E%3Cspan%20style=%22color:#ffffff;%22%3E%3Cspan%20style=%22font-size:2.5em;%22%3E%3Cspan%20style=%22font-family:Alata,sans-serif;%22%3E%3Cstrong%3ETebrikler,%20E%C4%9Fitimi%20Tamamlad%C4%B1n%C4%B1z%3C/strong%3E%3C/span%3E%3C/span%3E%3C/span%3E%3C/p%3E%0A\"","NarrationText":null,"Images":null,"YoutubeUrl":null,"AudioDuration":3,"SpeechAudioUrl":"https://localhost/ContentFiles/IdealStudioFiles/AI_Section_101_57da012e-e2bc-4385-a86a-2cc084e7d91d.mp3","SpeechFileName":"AI_Section_101_57da012e-e2bc-4385-a86a-2cc084e7d91d.mp3","RelevantDocumentPart":null}],"GeneralQuiz":[{"Index":12,"Type":0,"Question":"İletişim sürecinin temel unsurları arasında aşağıdakilerden hangisi yer almaz?","Options":["Mesajı başlatan kaynak","Mesajın iletildiği kanal","İletişim sürecinde duygusal zeka","Mesajı alan alıcı"],"CorrectAnswers":["İletişim sürecinde duygusal zeka"],"Statements":null,"IsSuccess":true,"ErrorMessage":null},{"Index":13,"Type":1,"Question":"Aşağıdakilerden hangileri aktif dinlemenin temel bileşenlerindendir?","Options":["Mesajı dikkatlice takip etmek","Empati göstermek","Geri bildirimi tamamen görmezden gelmek","Odaklanma sağlamak"],"CorrectAnswers":["Mesajı dikkatlice takip etmek","Empati göstermek","Odaklanma sağlamak"],"Statements":null,"IsSuccess":true,"ErrorMessage":null},{"Index":14,"Type":2,"Question":"Aşağıdaki ifadelerin Doğru mu Yanlış mı olduğuna karar verin","Options":null,"CorrectAnswers":null,"Statements":[{"Statement":"Sözsüz iletişim sadece beden dili ile sınırlıdır.","Answer":"False"},{"Statement":"Johari Penceresi modeli, iletişimde karşılıklı anlayışı artırmayı amaçlar.","Answer":"True"},{"Statement":"Shannon-Weaver modeli iletişimi tamamen sosyal bir süreç olarak inceler.","Answer":"False"},{"Statement":"Etkili iletişim, hem kişisel hem de toplumsal başarıda önemli bir faktördür.","Answer":"True"}],"IsSuccess":true,"ErrorMessage":null}],"IsSuccess":true,"ErrorMessage":"","ThreadId":null,"FullDocumentText":null,"SummaryDocumentText":null}