{"CourseInfo":{"Title":"Travma Odaklı Terapötik Yöntemler","Description":"Bu çevrim içi eğitim; travma kavramının tanımlanması, travmaya verilen ruhsal tepkiler, travma sonrası ortaya çıkan psikiyatrik bozukluklar, akut travmalara erken dönem psikososyal müdahaleler ve güncel bilişsel davranışçı terapi ile EMDR gibi etkili travma odaklı terapötik yaklaşımlar hakkında kapsamlı bir bilgi sunar.","Objective":null,"TargetAudience":null,"CourseImageUrl":"https://localhost/ContentFiles/IdealStudioFiles/1-ai-CourseCoverImage-ee291a40-9c31-4222-8d4e-bf0afca149b3.png","AudioDuration":3,"SpeechAudioUrl":"https://localhost/ContentFiles/IdealStudioFiles/1-ai-CourseCoverSpeech-5c928f28-950b-4bad-a0ae-826bda8b7a17.mp3","SpeechFileName":"1-ai-CourseCoverSpeech-5c928f28-950b-4bad-a0ae-826bda8b7a17.mp3"},"Sections":[{"PageStyle":1,"YoutubeSearchKeyword":null,"Index":1,"Title":"Einführung in ´traumaorientierte´ `therapeutische` \" \\ ~~ Verfahren","Description":null,"Content":{"paragraph":"Traumatische Erlebnisse Prägen Die Menschheit; Ziel: Einblick In Traumaorientierte Methoden; Fokus: Erkennung, Behandlung, Prävention; Interventionen & Therapieansätze Im Überblick"},"NarrationText":"Traumatische Erlebnisse sind ein zentraler Bestandteil der Menschheitsgeschichte und beeinflussen das psychische Wohlbefinden nachhaltig. Ziel dieses Trainings ist es, einen tiefgehenden Einblick in traumaorientierte therapeutische Methoden zu geben. Der Fokus liegt auf der Erkennung, Behandlung und Prävention psychischer Reaktionen und Störungen infolge von Trauma. Im Folgenden werden wir die wichtigsten Interventionen, Behandlungskonzepte und spezifische Therapieansätze wie kognitive Verhaltenstherapie und EMDR detailliert betrachten.","Images":[{"ImagePrompt":"therapy trauma psychology concept","ImageSize":"W1024xH1024","ImageUrl":"https://localhost/ContentFiles/IdealStudioFiles/AI_Section_1-d80041d8-4a43-458b-97c7-3b0c51f4117c.png","IsSuccess":false,"ErrorMessage":null}],"YoutubeUrl":null,"AudioDuration":30,"SpeechAudioUrl":"https://localhost/ContentFiles/IdealStudioFiles/AI_Section_1_d63e2e89-5852-4a1a-9c4a-0ae9654205d1.mp3","SpeechFileName":"AI_Section_1_d63e2e89-5852-4a1a-9c4a-0ae9654205d1.mp3","RelevantDocumentPart":null},{"PageStyle":2,"YoutubeSearchKeyword":null,"Index":2,"Title":"Frühe Interventionen nach Trauma: Krisenintervention","Description":null,"Content":{"subtitle":"Akute Krisenintervention Nach Trauma","paragraph1":"Stabilisierung Psychischer Erstreaktionen Steht Im Fokus; Prävention Schwerwiegender Störungsbilder","paragraph2":"Primäre Prävention: Aufklärung; Sekundäre Prävention: Frühe Diagnose Und Therapie; Tertiäre Prävention: Rehabilitation, Vermeidung Von Folgeschäden"},"NarrationText":"Nach einem traumatischen Ereignis steht die akute Krisenintervention im Mittelpunkt. Sie dient dazu, psychische Erstreaktionen zu stabilisieren und die Entwicklung schwerwiegender Störungsbilder wie einer akuten Belastungsreaktion oder einer posttraumatischen Belastungsstörung (PTBS) zu verhindern. Zu den wichtigsten Schutzmaßnahmen gehören primäre Prävention durch Aufklärung, sekundäre Prävention durch frühe Diagnose und Therapie sowie tertiäre Prävention mit Fokus auf Rehabilitation und Vermeidung von Folgeschäden.","Images":[{"ImagePrompt":"crisis intervention counseling help","ImageSize":"W1024xH1024","ImageUrl":"https://localhost/ContentFiles/IdealStudioFiles/AI_Section_2-0033b86d-795a-4baf-8b7a-b895c3823eb6.png","IsSuccess":false,"ErrorMessage":null}],"YoutubeUrl":null,"AudioDuration":30,"SpeechAudioUrl":"https://localhost/ContentFiles/IdealStudioFiles/AI_Section_2_618d2085-0c0f-45cb-92ed-827060089350.mp3","SpeechFileName":"AI_Section_2_618d2085-0c0f-45cb-92ed-827060089350.mp3","RelevantDocumentPart":null},{"PageStyle":3,"YoutubeSearchKeyword":null,"Index":3,"Title":"Psychosoziale Erste Hilfe und Debriefing","Description":null,"Content":{"paragraph":"Psychosoziale Erste Hilfe Unterstützt Direkt Nach Trauma; Debriefing Nicht Allgemein Empfehlenswert","subtitle1":"Psychosoziale Erste Hilfe","subtext1":"Direkte Unterstützung Unmittelbar Nach Dem Trauma","subtitle2":"Debriefing","subtext2":"Verarbeitung Belastender Ereignisse – Nicht Für Jeden Geeignet","subtitle3":"WHO-Empfehlung","subtext3":"Kein Universelles Debriefing – Prävention Von PTBS Nicht Bewiesen"},"NarrationText":"Psychosoziale Erste Hilfe beinhaltet die direkte Unterstützung Betroffener unmittelbar nach dem Trauma, was unter anderem Debriefing umfassen kann. Debriefing dient der Verarbeitung belastender Ereignisse, ist jedoch nicht für jede Person und Situation geeignet. Studien zeigen, dass ungeeignetes Debriefing die Verarbeitung sogar verschlechtern kann. Die Weltgesundheitsorganisation empfiehlt daher kein universelles Debriefing nach Trauma, da dieses nicht stets zur Prävention von PTBS beiträgt.","Images":[{"ImagePrompt":"first aid trauma support","ImageSize":"W1024xH1024","ImageUrl":"https://localhost/ContentFiles/IdealStudioFiles/AI_Section_3-8cf4d8b4-794d-43cb-8653-4e27f58ac751.png","IsSuccess":false,"ErrorMessage":null},{"ImagePrompt":"psychological debriefing session","ImageSize":"W1024xH1024","ImageUrl":"https://localhost/ContentFiles/IdealStudioFiles/AI_Section_3-d91674f6-366d-422f-9d9e-f9d241375977.png","IsSuccess":false,"ErrorMessage":null}],"YoutubeUrl":null,"AudioDuration":29,"SpeechAudioUrl":"https://localhost/ContentFiles/IdealStudioFiles/AI_Section_3_a7ea9188-2aea-445b-9533-453a84852e65.mp3","SpeechFileName":"AI_Section_3_a7ea9188-2aea-445b-9533-453a84852e65.mp3","RelevantDocumentPart":null},{"PageStyle":4,"YoutubeSearchKeyword":null,"Index":4,"Title":"Kognitive Verhaltenstherapien in der Traumatherapie","Description":null,"Content":{"paragraph":"Kognitive Verhaltenstherapie Wirkt Bei Traumafolgestörungen; Stressbewältigung, Verarbeitung Und Rückfallprophylaxe Im Fokus","list":"Stressbewältigungstraining; Kognitive Verarbeitungstherapie; Prolongierte Exposition; Rückfallrate Senken"},"NarrationText":"Kognitive Verhaltenstherapie (KVT) hat sich als wirksame Methode bei der Behandlung von Trauma erwiesen. Typische Verfahren sind Stressbewältigungstraining, Kognitive Verarbeitungstherapie und Prolongierte Exposition. KVT-Techniken stärken die Stressbewältigungsfähigkeiten, helfen bei der Neubewertung traumatischer Erlebnisse und verringern Rückfallraten wirksamer als viele pharmakologische Ansätze. Forschungen belegen, dass kürzere Episoden kognitiver Verhaltenstherapie der Chronifizierung traumatischer Belastung entgegenwirken.","Images":[{"ImagePrompt":"cognitive behavioral therapy trauma","ImageSize":"W1792xH1024","ImageUrl":"https://localhost/ContentFiles/IdealStudioFiles/AI_Section_4-c8ad59c0-9b62-4c57-a7c0-f6b17cc7faee.png","IsSuccess":false,"ErrorMessage":null}],"YoutubeUrl":null,"AudioDuration":32,"SpeechAudioUrl":"https://localhost/ContentFiles/IdealStudioFiles/AI_Section_4_76831368-af8e-473a-8931-6751ebc5a3f8.mp3","SpeechFileName":"AI_Section_4_76831368-af8e-473a-8931-6751ebc5a3f8.mp3","RelevantDocumentPart":null},{"PageStyle":5,"YoutubeSearchKeyword":null,"Index":5,"Title":"PTBS: Kognitive Interventionen und Störungsmodelle","Description":null,"Content":{"subtitle1":"Anamnese & Bewertung","subtext1":"Zusammenhang Zwischen Ereignis, Gedanken Und Gefühlen Analysieren","subtitle2":"Zentrale Behandlungsziele","subtext2":"Integration Traumatischer Erinnerungen; Veränderung Dysfunktionaler Denkmuster"},"NarrationText":"Die kognitive Therapie von PTBS erfordert eine umfassende Anamnese und gezielte Bewertung des Zusammenhangs zwischen Ereignis, Gedanken und Gefühlen. Wiederkehrende Erinnerungen und Vermeidungssymptome führen zur Isolation, emotionalen Abstumpfung und zu Funktionseinschränkungen. Zentrale Ziele der Behandlung sind die Integration traumatischer Erinnerungen in das autobiografische Gedächtnis und die Veränderung dysfunktionaler, angstbehafteter Denkmuster, um eine nachhaltige Verbesserung zu erzielen.","Images":[{"ImagePrompt":"ptsd cognitive therapy process","ImageSize":"W1024xH1024","ImageUrl":"https://localhost/ContentFiles/IdealStudioFiles/AI_Section_5-efd35191-d099-45ce-8942-6d315eae8246.png","IsSuccess":false,"ErrorMessage":null}],"YoutubeUrl":null,"AudioDuration":29,"SpeechAudioUrl":"https://localhost/ContentFiles/IdealStudioFiles/AI_Section_5_bc6edb7f-9e7a-418d-af46-af624cc0ecbc.mp3","SpeechFileName":"AI_Section_5_bc6edb7f-9e7a-418d-af46-af624cc0ecbc.mp3","RelevantDocumentPart":null},{"PageStyle":6,"YoutubeSearchKeyword":null,"Index":6,"Title":"Cognitive Processing Therapy: Zielsetzung und Ablauf","Description":null,"Content":{"paragraph1":"CPT: Strukturierter, Kognitiv-Verhaltenstherapeutischer Ansatz In 12 Sitzungen; Fokussiert Auf Verarbeitung Von Trauma, Emotionen Und Kognitionen","paragraph2":"Problematische Denkmuster Werden Erkannt, Herausgefordert Und Ersetzt; Neue Sichtweisen Erlauben Einordnung Des Traumas In Den Lebenskontext"},"NarrationText":"Cognitive Processing Therapy (CPT) ist ein strukturierter, kognitiv-verhaltenstherapeutischer Ansatz mit 12 Sitzungen. Der Fokus liegt auf der Bearbeitung traumatischer Erinnerungen, der Auseinandersetzung mit Emotionen wie Angst, Scham und Schuld sowie auf der Umstrukturierung negativer Überzeugungen. In den Sitzungen werden problematische Denkmuster erkannt, herausgefordert und durch funktionale Sichtweisen ersetzt. So können Betroffene die Bedeutung des Traumas neu begreifen und in ihren Lebenskontext einordnen.","Images":[{"ImagePrompt":"cognitive processing therapy diagram","ImageSize":"W1024xH1024","ImageUrl":"https://localhost/ContentFiles/IdealStudioFiles/AI_Section_6-5dff9825-439c-472b-bb28-1f8b7b70bdb2.png","IsSuccess":false,"ErrorMessage":null},{"ImagePrompt":"therapy session emotional processing","ImageSize":"W1024xH1024","ImageUrl":"https://localhost/ContentFiles/IdealStudioFiles/AI_Section_6-9aab3a8f-c55f-4a15-aa87-e307391bd88d.png","IsSuccess":false,"ErrorMessage":null}],"YoutubeUrl":null,"AudioDuration":30,"SpeechAudioUrl":"https://localhost/ContentFiles/IdealStudioFiles/AI_Section_6_072db298-0e06-42f2-bf41-6dcdc988c020.mp3","SpeechFileName":"AI_Section_6_072db298-0e06-42f2-bf41-6dcdc988c020.mp3","RelevantDocumentPart":null},{"PageStyle":7,"YoutubeSearchKeyword":null,"Index":7,"Title":"Prolongierte Expositionstherapie: Aufbau und Wirkprinzip","Description":null,"Content":{"paragraph":"Prolongierte Exposition Für Chronische PTBS; Systematische Konfrontation Mit Trauma In Sicheren Rahmen; Angstreduktion, Kontrollgewinn, Neubewertung; Ergänzt Durch Psychoedukation, Übungen, Konfrontation Und Aufgaben"},"NarrationText":"Prolongierte Expositionstherapie richtet sich vor allem an Personen mit chronischer PTBS und ausgeprägtem Vermeidungsverhalten. Kern der Methode ist das systematische Wiedererleben der traumatischen Situation in sicherem Rahmen. Dadurch wird Angst reduziert, die Kontrollfähigkeit gestärkt und die Situation neu bewertet. Ergänzt wird die Therapie durch Psychoedukation, Atemübungen, imaginale und reale Konfrontation mit angstauslösenden Reizen und gezielte Verhaltensaufgaben zwischen den Sitzungen.","Images":[{"ImagePrompt":"prolonged exposure therapy trauma","ImageSize":"W1792xH1024","ImageUrl":"https://localhost/ContentFiles/IdealStudioFiles/AI_Section_7-657c0379-9847-420a-ac3d-dfaf1a60677b.png","IsSuccess":false,"ErrorMessage":null}],"YoutubeUrl":null,"AudioDuration":29,"SpeechAudioUrl":"https://localhost/ContentFiles/IdealStudioFiles/AI_Section_7_d51068d3-37c8-4f06-9976-1cbcada6a0ad.mp3","SpeechFileName":"AI_Section_7_d51068d3-37c8-4f06-9976-1cbcada6a0ad.mp3","RelevantDocumentPart":null},{"PageStyle":8,"YoutubeSearchKeyword":null,"Index":8,"Title":"Eye Movement Desensitization and Reprocessing (EMDR) – Theorie und Anwendung","Description":null,"Content":{"paragraph1":"EMDR: Evidenzbasierte Therapie Für Trauma Und PTBS; Bilaterale Stimulation Unterstützt Erinnerungsverarbeitung; Kombination Psychodynamischer, Kognitiver Und Verhaltenstherapeutischer Elemente","paragraph2":"Ziel: Neutralisierung Negativer Emotionen; Aktivierung Des Informationsverarbeitungssystems; Acht-Phasen-Modell Für Tiefe Integration Traumaticher Erinnerung"},"NarrationText":"EMDR ist eine evidenzbasierte Therapie speziell für Trauma und PTBS. Sie basiert auf dem Prinzip, dass belastende Erinnerungen durch bilaterale Stimulation wie Augenbewegungen neu verarbeitet werden. EMDR integriert psychodynamische, kognitive und verhaltenstherapeutische Elemente in einem strukturierten Acht-Phasen-Modell. Ziel ist es, negative Emotionen und Überzeugungen zu neutralisieren, das Informationsverarbeitungssystem zu aktivieren und tiefergehende Integration der traumatischen Erinnerung zu ermöglichen.","Images":[{"ImagePrompt":"emdr eye movement therapy","ImageSize":"W1024xH1024","ImageUrl":"https://localhost/ContentFiles/IdealStudioFiles/AI_Section_8-97fe7a1b-55d2-4c9d-aea5-80e5632bb68c.png","IsSuccess":false,"ErrorMessage":null}],"YoutubeUrl":null,"AudioDuration":32,"SpeechAudioUrl":"https://localhost/ContentFiles/IdealStudioFiles/AI_Section_8_aa66fcf7-d098-4901-97fc-97f0379f8ca9.mp3","SpeechFileName":"AI_Section_8_aa66fcf7-d098-4901-97fc-97f0379f8ca9.mp3","RelevantDocumentPart":null},{"PageStyle":9,"YoutubeSearchKeyword":null,"Index":9,"Title":"Wirksamkeit und Durchführung von EMDR","Description":null,"Content":{"paragraph":"EMDR Wirkt Bei PTBS, Akuten Belastungsreaktionen, Depressionen Und Angststörungen; Wirkung Mindestens Gleichwertig Mit KVT","list":"Anamnese Und Vorbereitung; Bewertung Und Desensibilisierung; Einbau Neuer Kognitionen; Abschluss Und Neubewertung"},"NarrationText":"EMDR wird inzwischen in vielen Störungsbildern angewendet, darunter PTBS, akute Belastungsreaktionen, Depressionen und Angststörungen. Studien zeigen eine mindestens gleichwertige, teils überlegene Wirkung im Vergleich zur KVT. Die achtstufige Methode umfasst Anamnese, Vorbereitung, Bewertung, Desensibilisierung, Einbau neuer Kognitionen, Körper-Scan, Abschluss und Neubewertung. Während des Prozesses steht die Schaffung eines sicheren Rahmens im Vordergrund, um emotionale Belastung gezielt abzubauen.","Images":[{"ImagePrompt":"emdr therapy session phases","ImageSize":"W1024xH1792","ImageUrl":"https://localhost/ContentFiles/IdealStudioFiles/AI_Section_9-0baf2f58-27d0-4582-97f7-69d6936e0ac6.png","IsSuccess":false,"ErrorMessage":null}],"YoutubeUrl":null,"AudioDuration":32,"SpeechAudioUrl":"https://localhost/ContentFiles/IdealStudioFiles/AI_Section_9_a527eda7-b038-4032-b287-b7f751677fd0.mp3","SpeechFileName":"AI_Section_9_a527eda7-b038-4032-b287-b7f751677fd0.mp3","RelevantDocumentPart":null},{"PageStyle":10,"YoutubeSearchKeyword":null,"Index":10,"Title":"Zusammenfassung und Ausblick","Description":null,"Content":{"paragraph1":"Traumaorientierte Methoden Reichen Von Krisenintervention Bis Zu KVT Und EMDR; Strukturierte Programme Wie CPT Und EMDR Fördern Verarbeitung Traumatischer Erlebnisse","paragraph2":"Lebensqualität Verbessert Sich Durch Zielgerichtete Integration Belästigender Erinnerungen Und Aufbauen Funktionaler Bewältigungsstrategien"},"NarrationText":"Traumaorientierte therapeutische Methoden umfassen vielseitige Ansätze von der Krisenintervention bis zur spezifischen Therapie wie KVT und EMDR. Insbesondere strukturierte Programme wie die kognitive Verarbeitungstherapie und EMDR zeigen positive Effekte auf die Verarbeitung traumatischer Ereignisse und die Reduktion psychischer Störungen. Die nachhaltige Verbesserung der Lebensqualität gelingt durch gezielte Integration belastender Erinnerungen und den Aufbau funktionaler Bewältigungsstrategien.","Images":[{"ImagePrompt":"therapy trauma improvement recovery","ImageSize":"W1024xH1792","ImageUrl":"https://localhost/ContentFiles/IdealStudioFiles/AI_Section_10-677e1693-231a-45b3-956f-8889347c32e1.png","IsSuccess":false,"ErrorMessage":null}],"YoutubeUrl":null,"AudioDuration":29,"SpeechAudioUrl":"https://localhost/ContentFiles/IdealStudioFiles/AI_Section_10_7a7e26a7-d288-44a4-9f15-7831699b7742.mp3","SpeechFileName":"AI_Section_10_7a7e26a7-d288-44a4-9f15-7831699b7742.mp3","RelevantDocumentPart":null},{"PageStyle":11,"YoutubeSearchKeyword":"Travma Odaklı Terapötik Yöntemler","Index":11,"Title":"Travma Odaklı Terapötik Yöntemler","Description":null,"Content":null,"NarrationText":null,"Images":null,"YoutubeUrl":"https://www.youtube.com/watch?v=N6yBuuD-QW0","AudioDuration":0,"SpeechAudioUrl":null,"SpeechFileName":null,"RelevantDocumentPart":null},{"PageStyle":12,"YoutubeSearchKeyword":null,"Index":12,"Title":"Question 1","Description":null,"Content":null,"NarrationText":null,"Images":null,"YoutubeUrl":null,"AudioDuration":6,"SpeechAudioUrl":"https://localhost/ContentFiles/IdealStudioFiles/1-12_ai_Question841cd684-6b5e-44b3-b4f5-ddf4b1b63ebf.mp3","SpeechFileName":"1-12_ai_Question841cd684-6b5e-44b3-b4f5-ddf4b1b63ebf.mp3","RelevantDocumentPart":null},{"PageStyle":13,"YoutubeSearchKeyword":null,"Index":13,"Title":"Question 2","Description":null,"Content":null,"NarrationText":null,"Images":null,"YoutubeUrl":null,"AudioDuration":7,"SpeechAudioUrl":"https://localhost/ContentFiles/IdealStudioFiles/1-13_ai_Question2d6e221a-b5c5-43e1-a10d-3646f6751c9e.mp3","SpeechFileName":"1-13_ai_Question2d6e221a-b5c5-43e1-a10d-3646f6751c9e.mp3","RelevantDocumentPart":null},{"PageStyle":14,"YoutubeSearchKeyword":null,"Index":14,"Title":"Question 3","Description":null,"Content":null,"NarrationText":null,"Images":null,"YoutubeUrl":null,"AudioDuration":4,"SpeechAudioUrl":"https://localhost/ContentFiles/IdealStudioFiles/1-14_ai_Question99f40c5b-de17-450d-99e4-ddd9ef5e5c7c.mp3","SpeechFileName":"1-14_ai_Question99f40c5b-de17-450d-99e4-ddd9ef5e5c7c.mp3","RelevantDocumentPart":null},{"PageStyle":100,"YoutubeSearchKeyword":null,"Index":100,"Title":"Jetzt sind Sie dran","Description":null,"Content":"\"%3Cp%20style%3D%22text-align%3A%20center%3B%22%3E%3Cspan%20style%3D%22font-size%3A2.857142857142857em%3B%22%3E%3Cspan%20style%3D%22color%3A%23ffffff%3B%22%3E%3Cspan%20style%3D%22font-family%3AAlata%2Csans-serif%3B%22%3EJetzt%20%3C/span%3E%3C/span%3E%3C/span%3E%3C/p%3E%0A%0A%3Cp%20style%3D%22text-align%3A%20center%3B%22%3E%C2%A0%3C/p%3E%0A%0A%3Cp%20style%3D%22text-align%3A%20center%3B%22%3E%3Cspan%20style%3D%22font-size%3A2.857142857142857em%3B%22%3E%3Cspan%20style%3D%22color%3A%23ffffff%3B%22%3E%3Cspan%20style%3D%22font-family%3AAlata%2Csans-serif%3B%22%3Esind%20Sie%20dran%3C/span%3E%3C/span%3E%3C/span%3E%3C/p%3E\"","NarrationText":null,"Images":null,"YoutubeUrl":null,"AudioDuration":2,"SpeechAudioUrl":"https://localhost/ContentFiles/IdealStudioFiles/AI_Section_100_273ce990-3db8-47e3-ab2c-b082f8e83d7b.mp3","SpeechFileName":"AI_Section_100_273ce990-3db8-47e3-ab2c-b082f8e83d7b.mp3","RelevantDocumentPart":null},{"PageStyle":101,"YoutubeSearchKeyword":null,"Index":101,"Title":"Herzlichen Glückwunsch, Sie haben die Schulung abgeschlossen","Description":null,"Content":"\"%3Cp%20style%3D%22text-align%3A%20center%3B%22%3E%3Cspan%20style%3D%22color%3A%23ffffff%3B%22%3E%3Cspan%20style%3D%22font-size%3A2.5em%3B%22%3E%3Cspan%20style%3D%22font-family%3AAlata%2Csans-serif%3B%22%3E%3Cstrong%3EHerzlichen%20Gl%C3%BCckwunsch%2C%20Sie%20haben%20die%20Schulung%20abgeschlossen%21%3C/strong%3E%3C/span%3E%3C/span%3E%3C/span%3E%3C/p%3E\"","NarrationText":null,"Images":null,"YoutubeUrl":null,"AudioDuration":4,"SpeechAudioUrl":"https://localhost/ContentFiles/IdealStudioFiles/AI_Section_101_fa6850ab-2286-4197-85b2-e430baa3c138.mp3","SpeechFileName":"AI_Section_101_fa6850ab-2286-4197-85b2-e430baa3c138.mp3","RelevantDocumentPart":null}],"GeneralQuiz":[{"Index":12,"Type":0,"Question":"Welcher Aspekt ist NICHT Bestandteil der prolongierten Expositionstherapie bei PTBS?","Options":["Systematische Konfrontation mit traumatischen Erinnerungen","Rückfallprophylaxe durch Stressmanagement","Angstreduktion und Neubewertung","Einsatz von Psychoedukation und Übungen"],"CorrectAnswers":["Rückfallprophylaxe durch Stressmanagement"],"Statements":null,"IsSuccess":true,"ErrorMessage":null},{"Index":13,"Type":1,"Question":"Welche Ziele verfolgt die Cognitive Processing Therapy (CPT) bei der Behandlung von Traumafolgestörungen?","Options":["Ersetzung dysfunktionaler Denkmuster","Erhöhung der Medikation","Integration traumatischer Erinnerungen","Ausschluss von Kognitionen aus dem Therapieprozess"],"CorrectAnswers":["Ersetzung dysfunktionaler Denkmuster","Integration traumatischer Erinnerungen"],"Statements":null,"IsSuccess":true,"ErrorMessage":null},{"Index":14,"Type":2,"Question":"Entscheiden Sie, ob die folgenden Aussagen wahr oder falsch sind","Options":null,"CorrectAnswers":null,"Statements":[{"Statement":"Psychosoziale Erste Hilfe wird unmittelbar nach einem Trauma empfohlen.","Answer":"True"},{"Statement":"Debriefing ist laut WHO uneingeschränkt für alle Trauma-Betroffenen zu empfehlen.","Answer":"False"},{"Statement":"EMDR beinhaltet ein strukturiertes Acht-Phasen-Modell.","Answer":"True"},{"Statement":"Kognitive Verhaltenstherapie ist unwirksam bei Traumafolgestörungen.","Answer":"False"}],"IsSuccess":true,"ErrorMessage":null}],"IsSuccess":true,"ErrorMessage":"","ErrorCode":0,"ThreadId":null,"FullDocumentText":null,"SummaryDocumentText":null}