{"CourseInfo":{"Title":"Güvenli Yazılım Geliştirme Kılavuzu Eğitimi","Description":"Bu eğitim, TÜBİTAK BİLGEM Bilişim ve Bilgi Güvenliği İleri Teknolojiler Araştırma Merkezi tarafından hazırlanan Güvenli Yazılım Geliştirme Kılavuzu’na dayalı olarak, güvenli yazılım geliştirme ilkeleri, yöntemleri, süreçleri, olgunluk modelleri ve uygulama güvenliği kurallarını kapsamaktadır. Katılımcılar, güvenli yazılım geliştirme süreçlerinin tüm aşamaları ve ilkeleri ile yazılım güvenliği denetimi ve uygulama güvenliği kurallarını öğrenirler.","Objective":null,"TargetAudience":null,"CourseImageUrl":"https://localhost/ContentFiles/IdealStudioFiles/1-ai-CourseCoverImage-e4b3d95a-46e9-41cf-837f-1aed44743b3c.png","AudioDuration":3,"SpeechAudioUrl":"https://localhost/ContentFiles/IdealStudioFiles/1-ai-CourseCoverSpeech-275f38d0-e31f-486b-b286-c369714bce34.mp3","SpeechFileName":"1-ai-CourseCoverSpeech-275f38d0-e31f-486b-b286-c369714bce34.mp3"},"Sections":[{"PageStyle":23,"YoutubeSearchKeyword":null,"Index":1,"Title":"Güvenli Yazılım Geliştirmenin Temelleri","Description":null,"Content":{"paragraph":"Güvenli Yazılım Geliştirme, Saldırı veya Tehdit Altındaki Durumlarda Yazılımın Görevini Sürdürmesini Sağlar; Yazılım Güvenliği İlkeleri ve Yöntemleri Anlaşılır; Temel Yaklaşımlar, Güvenlik Gereksinimleri ve Pratikler İncelenir"},"NarrationText":"Güvenli yazılım geliştirme, yazılımın saldırı veya tehdit altındayken görevini doğru bir şekilde sürdürmesini sağlayacak şekilde tasarım ve geliştirme sürecini kapsar. Bu eğitimin amacı, yazılım güvenliği ilkelerinin, yöntemlerinin, yaşam döngüsünün ve uygulama güvenliği kurallarının anlaşılmasına katkı sağlamaktır. Kurs boyunca güvenli yazılım geliştirmenin temel yaklaşımlarını, güvenlik gereksinimlerini ve uygulama pratiklerini detaylı biçimde inceleyeceğiz.","Images":[],"YoutubeUrl":null,"AudioDuration":27,"SpeechAudioUrl":"https://localhost/ContentFiles/IdealStudioFiles/AI_Section_1_a099311b-3e62-4d22-a6e6-16702fa2e9cc.mp3","SpeechFileName":"AI_Section_1_a099311b-3e62-4d22-a6e6-16702fa2e9cc.mp3","RelevantDocumentPart":null},{"PageStyle":10,"YoutubeSearchKeyword":null,"Index":2,"Title":"Yazılım Güvenliğinin Temel İlkeleri","Description":null,"Content":{"paragraph1":"En Az Yetkiyle Çalışma, Tüm Erişimlerin Denetlenmesi; Yetkilerin Ayrımı, Güvenli Varsayılan Değerler; Ortak Kaynaklara Sınırlı Erişim, Zayıf Halka Güçlendirme","paragraph2":"Saldırı Yüzey Alanı Azaltılır; Derinlemesine Savunma Sağlanır; Kullanıcı Dostu Güvenlik Mekanizmaları Tasarlanır"},"NarrationText":"Güvenli yazılım geliştirmede bazı temel ilkeler vardır: En az yetkiyle çalışma, tüm erişimlerin denetlenmesi, yetkilerin ayrımı, güvenli varsayılan değerlerin kullanımı ve ortak kaynaklara farklı kanallardan erişimin sınırlandırılması öne çıkar. Ayrıca zayıf halkaların güçlendirilmesi, saldırı yüzey alanının azaltılması, derinlemesine savunma ve kullanıcı dostu, anlaşılır güvenlik mekanizmalarının tasarlanması bu ilkeler arasında bulunur.","Images":[{"ImagePrompt":"software security principles infographic","ImageSize":"W1024xH1792","ImageUrl":"https://localhost/ContentFiles/IdealStudioFiles/AI_Section_2-12e7af55-cf2e-42ff-a57c-ea779be98a0b.png","IsSuccess":false,"ErrorMessage":null}],"YoutubeUrl":null,"AudioDuration":26,"SpeechAudioUrl":"https://localhost/ContentFiles/IdealStudioFiles/AI_Section_2_30f5b825-d292-4517-b9ae-27e32d344d47.mp3","SpeechFileName":"AI_Section_2_30f5b825-d292-4517-b9ae-27e32d344d47.mp3","RelevantDocumentPart":null},{"PageStyle":8,"YoutubeSearchKeyword":null,"Index":3,"Title":"Yazılım Güvenliğini Sağlama Yöntemleri","Description":null,"Content":{"paragraph1":"Sezgisel ve Benzetime Dayalı Yöntemler Kullanılır; Biçimsel Matematiksel Analizler Önemlidir","paragraph2":"Statik ve Dinamik Analiz, Rastgele Testler, Biçimsel Doğrulamalar; Zayıflıkları Tespit Etmek İçin Araçlar Kullanılır"},"NarrationText":"Yazılım güvenliğini artırmak için sezgisel ve benzetime dayalı yöntemler, biçimsel matematik temelli analizler, güvenli çalışma ortamı uygulamaları ve çeşitli analiz araçlarının birlikte kullanımı önemlidir. Statik ve dinamik analiz, rastgele testler ve biçimsel doğrulamalar, uygulamaların güvenliğini ölçme ve zayıflıkları tespit etme süreçlerinde önemli bir yer tutar.","Images":[{"ImagePrompt":"security analysis tools illustration","ImageSize":"W1024xH1024","ImageUrl":"https://localhost/ContentFiles/IdealStudioFiles/AI_Section_3-6841ddfa-7513-4435-9605-743e6ebe0a1b.png","IsSuccess":false,"ErrorMessage":null}],"YoutubeUrl":null,"AudioDuration":21,"SpeechAudioUrl":"https://localhost/ContentFiles/IdealStudioFiles/AI_Section_3_2d249df9-7924-4723-a5a7-00a708dc164f.mp3","SpeechFileName":"AI_Section_3_2d249df9-7924-4723-a5a7-00a708dc164f.mp3","RelevantDocumentPart":null},{"PageStyle":24,"YoutubeSearchKeyword":null,"Index":4,"Title":"Güvenli Yazılım Geliştirme Yaşam Döngüsü","Description":null,"Content":{"paragraph1":"Yaşam Döngüsü Tasarımdan Bakıma Güvenlik Faaliyetlerini Kapsar","paragraph2":"Geliştirici Eğitimi, Güvenlik Gereksinimleri Tanımlanır, Mimari ve Tasarım","paragraph3":"Güvenli Kodlama, Güvenli Kurulum, Düzenli Güvenlik Analizi"},"NarrationText":"Güvenli yazılım geliştirme yaşam döngüsü, bir yazılımın tasarımından bakımına kadar geçen sürede güvenlik faaliyetlerinin planlı şekilde uygulanmasını içerir. Bu süreçte geliştiricilerin eğitimi, güvenlik gereksinimlerinin tanımlanması, güvenlik mimarisi ve tasarımı, güvenli kodlama, güvenli kurulum ve düzenli güvenlik analizleri kritik adımlardır.","Images":[],"YoutubeUrl":null,"AudioDuration":20,"SpeechAudioUrl":"https://localhost/ContentFiles/IdealStudioFiles/AI_Section_4_6ae911eb-b016-43f7-8ae9-456d3fa105b1.mp3","SpeechFileName":"AI_Section_4_6ae911eb-b016-43f7-8ae9-456d3fa105b1.mp3","RelevantDocumentPart":null},{"PageStyle":4,"YoutubeSearchKeyword":null,"Index":5,"Title":"Güvenlik Analizleri ve Test Yöntemleri","Description":null,"Content":{"paragraph":"Güvenli Yazılım Geliştirme İçin Analiz ve Test Yöntemleri Kullanılır","list":"Kaynak Kod Analizleri; Statik ve Dinamik Analizler; Saldırı Modellemesi ve Denetimler; Dijital İmza Kontrolleri"},"NarrationText":"Yazılım geliştirme sürecinde; kaynak kod analizleri, statik ve dinamik analizler, saldırı modellemesi, manuel ve otomatik denetimler, dijital imza doğrulama ve yapılandırma kontrolleri uygulanmalıdır. Güvenli yazılım testi için çeşitli araçlar ve teknikler kullanılır; bunlar kod zafiyetlerini, yanlış yapılandırmaları ve güvenlik açıklarını tespit etmekte temel rol oynar.","Images":[{"ImagePrompt":"code review test methods","ImageSize":"W1792xH1024","ImageUrl":"https://localhost/ContentFiles/IdealStudioFiles/AI_Section_5-67360c6a-b64b-4355-bc59-a9c9d6ee1169.png","IsSuccess":false,"ErrorMessage":null}],"YoutubeUrl":null,"AudioDuration":23,"SpeechAudioUrl":"https://localhost/ContentFiles/IdealStudioFiles/AI_Section_5_65cb3df3-621e-4530-a7cd-6f2fa4d59f1e.mp3","SpeechFileName":"AI_Section_5_65cb3df3-621e-4530-a7cd-6f2fa4d59f1e.mp3","RelevantDocumentPart":null},{"PageStyle":25,"YoutubeSearchKeyword":null,"Index":6,"Title":"Güvenli Kurulum ve Yapılandırmanın Önemi","Description":null,"Content":{"paragraph":"Kurulum ve Yapılandırmalar Güvenli Yapılmalı, Gereksiz Servisler Kaldırılmalı","subtitle":"Sistem Sıkılaştırma","subtext":"Otomasyon Araçları ile Sıkılaştırma; Yapılandırmalar Kontrol Edilmeli ve Yedekler Güvenli Tutulmalı; Hassas Veriler Korunmalı"},"NarrationText":"Uygulamaların kurulum ve yapılandırma aşamalarında güvenlik yamaları yapılmalı, gereksiz servisler kaldırılmalı ve en güvenli yapılandırma tercih edilmelidir. Sıkılaştırma işlemleri otomasyon araçlarıyla uygulanmalı, yapılandırma değişiklikleri kontrol edilmeli ve yedeklemeler güvenli alanlarda tutulmalıdır. Sistem bileşenleri birbirinden ayrıştırılmalı, hassas verilerin koruması sağlanmalıdır.","Images":[{"ImagePrompt":"secure installation configuration concept","ImageSize":"W1024xH1792","ImageUrl":"https://localhost/ContentFiles/IdealStudioFiles/AI_Section_6-c8b536f5-66c8-4fcc-a2b1-53b4204088ca.png","IsSuccess":false,"ErrorMessage":null}],"YoutubeUrl":null,"AudioDuration":24,"SpeechAudioUrl":"https://localhost/ContentFiles/IdealStudioFiles/AI_Section_6_4361232a-de1a-466b-bb18-735e20464751.mp3","SpeechFileName":"AI_Section_6_4361232a-de1a-466b-bb18-735e20464751.mp3","RelevantDocumentPart":null},{"PageStyle":6,"YoutubeSearchKeyword":null,"Index":7,"Title":"Uygulama Güvenliği Kuralları ve Denetim Listesi","Description":null,"Content":{"paragraph1":"Mimari, Kimlik Doğrulama, Dosya ve Kaynak Güvenliği, Oturum Yönetimi Kurallarına Uyum","paragraph2":"Denetim Listeleri ile Mimari Gözden Geçirme ve Tehdit Modellemesi Sağlanır; Kod Standartları ve Sürüm Takibi"},"NarrationText":"Uygulama güvenliği için mimari, kimlik doğrulama, dosya ve kaynak güvenliği, oturum yönetimi, erişim denetimi ve veri koruma kurallarına uyulmalıdır. Denetim listeleriyle mimari gözden geçirme, tehdit modelleme, kod standartlarına uyum ve sürüm değişikliklerinin takibi sağlanır. Güvenlik gereksinimlerinin karşılandığı düzenli olarak kontrol edilmelidir.","Images":[{"ImagePrompt":"application security checklist","ImageSize":"W1024xH1024","ImageUrl":"https://localhost/ContentFiles/IdealStudioFiles/AI_Section_7-dbf1132e-0428-42d4-a991-c8d9b9d82b8a.png","IsSuccess":false,"ErrorMessage":null},{"ImagePrompt":"software audit list items","ImageSize":"W1024xH1024","ImageUrl":"https://localhost/ContentFiles/IdealStudioFiles/AI_Section_7-329ba187-0240-434c-a2d5-d95f066be0f3.png","IsSuccess":false,"ErrorMessage":null}],"YoutubeUrl":null,"AudioDuration":22,"SpeechAudioUrl":"https://localhost/ContentFiles/IdealStudioFiles/AI_Section_7_3bee1e6e-c793-4319-be08-3918bf1262bc.mp3","SpeechFileName":"AI_Section_7_3bee1e6e-c793-4319-be08-3918bf1262bc.mp3","RelevantDocumentPart":null},{"PageStyle":7,"YoutubeSearchKeyword":null,"Index":8,"Title":"Kişisel Veri ve İletişim Güvenliği","Description":null,"Content":{"paragraph":"Kişisel Veriler Maskeleme, Şifreleme ve Güvenli İletimle Korunmalıdır; İstemciden Dışarı Veri Aktarımı Önlenir; TLS Protokolü ve Güçlü Algoritmalar Kullanılır; Oturum ve Hassas Veri Aktarımı Güvenli Yapılır"},"NarrationText":"Kişisel veriler maskeleyerek işlenmeli, şifrelenmiş olarak saklanmalı ve aktarılmalıdır. İstemci tarafında kişisel bilginin dışarıya aktarılması önlenmelidir. İletişim güvenliğinde ise TLS protokolü kullanılmalı, sertifikalar geçerli olmalı ve güçlü algoritmalar tercih edilmelidir. Kullanıcı oturumları ve hassas veri iletimi güvenli bağlantılarla yapılmalıdır.","Images":[{"ImagePrompt":"personal data security encryption","ImageSize":"W1792xH1024","ImageUrl":"https://localhost/ContentFiles/IdealStudioFiles/AI_Section_8-fbe3dc54-7527-4ca9-9f9a-20e4d749db75.png","IsSuccess":false,"ErrorMessage":null}],"YoutubeUrl":null,"AudioDuration":24,"SpeechAudioUrl":"https://localhost/ContentFiles/IdealStudioFiles/AI_Section_8_8dcb9c85-7ba7-4f33-9775-b91f0a6b68a5.mp3","SpeechFileName":"AI_Section_8_8dcb9c85-7ba7-4f33-9775-b91f0a6b68a5.mp3","RelevantDocumentPart":null},{"PageStyle":10,"YoutubeSearchKeyword":null,"Index":9,"Title":"Web Servisleri ve Mobil Uygulama Güvenliği","Description":null,"Content":{"paragraph1":"Web Servislerinde TLS 1.2 veya Daha Üstü Kullanın, Oturum Yönetimi ve Yetkilendirme Güvenli Olmalı","paragraph2":"Mobilde Minumum Yetki, Gizli Anahtarların Dinamik Oluşturulması ve Hassas Verinin Korunması; Girdi Doğrulama Sağlanmalı"},"NarrationText":"Web servislerinde TLS v1.2 ve üzeri güvenlik önlemleri kullanılmalı, oturum ve yetkilendirme süreçleri güvenli yapılmalıdır. Mobil uygulamalarda minimum yetkiyle çalışma, gizli anahtarların dinamik oluşturulması, diğer uygulamalara hassas veri aktarımının önlenmesi ve tüm girdilerin doğrulanması sağlanmalıdır. Web servis girdileri ise çeşitli saldırılara karşı denetlenmelidir.","Images":[{"ImagePrompt":"web mobile security practices","ImageSize":"W1024xH1792","ImageUrl":"https://localhost/ContentFiles/IdealStudioFiles/AI_Section_9-7f3a7c3c-2e45-4a8a-b478-fbeafcfd0655.png","IsSuccess":false,"ErrorMessage":null}],"YoutubeUrl":null,"AudioDuration":24,"SpeechAudioUrl":"https://localhost/ContentFiles/IdealStudioFiles/AI_Section_9_a76a2e52-a0ad-450a-8436-a81fb7778845.mp3","SpeechFileName":"AI_Section_9_a76a2e52-a0ad-450a-8436-a81fb7778845.mp3","RelevantDocumentPart":null},{"PageStyle":8,"YoutubeSearchKeyword":null,"Index":10,"Title":"Güvenli Yazılım Geliştirmenin Temel Kazanımları","Description":null,"Content":{"paragraph1":"Yazılımın Bütünlüğü, Gizliliği ve Erişilebilirliği Korunur; Gelişmiş Güvenlik Pratikleri Uygulanır","paragraph2":"Sürekli Analiz ve Test, Denetim Listeleri ve Gözden Geçirmelerle Güvenli Yazılım Hedeflenir"},"NarrationText":"Güvenli yazılım geliştirme, yazılımın bütünlüğü, gizliliği ve erişilebilirliğini korumayı, gelişmiş güvenlik pratiklerini hayata geçirmeyi amaçlar. Tüm süreç boyunca güvenlik gereksinimlerinin belirlenmesi, uygulama güvenliği kurallarının uygulanması, sürekli analiz ve test ile güvenli yazılımlar üretmek hedeflenir. Denetim listeleri ve sürekli gözden geçirme, güvenliğin sürekliliğini sağlayan unsurlardır.","Images":[{"ImagePrompt":"secure software key benefits","ImageSize":"W1024xH1024","ImageUrl":"https://localhost/ContentFiles/IdealStudioFiles/AI_Section_10-9d412f87-ae21-4462-9e5a-a70cbad9d12c.png","IsSuccess":false,"ErrorMessage":null}],"YoutubeUrl":null,"AudioDuration":24,"SpeechAudioUrl":"https://localhost/ContentFiles/IdealStudioFiles/AI_Section_10_3a6b85f6-696c-4c13-847b-fa77272e65b1.mp3","SpeechFileName":"AI_Section_10_3a6b85f6-696c-4c13-847b-fa77272e65b1.mp3","RelevantDocumentPart":null},{"PageStyle":11,"YoutubeSearchKeyword":"Güvenli Yazılım Geliştirme Kılavuzu Eğitimi","Index":11,"Title":"Güvenli Yazılım Geliştirme Kılavuzu Eğitimi","Description":null,"Content":null,"NarrationText":null,"Images":null,"YoutubeUrl":"https://www.youtube.com/watch?v=M68-NpI-xiU","AudioDuration":0,"SpeechAudioUrl":null,"SpeechFileName":null,"RelevantDocumentPart":null},{"PageStyle":12,"YoutubeSearchKeyword":null,"Index":12,"Title":"Question 1","Description":null,"Content":null,"NarrationText":null,"Images":null,"YoutubeUrl":null,"AudioDuration":6,"SpeechAudioUrl":"https://localhost/ContentFiles/IdealStudioFiles/1-12_ai_Questione8614929-79b8-4104-ab47-95cd1d38950d.mp3","SpeechFileName":"1-12_ai_Questione8614929-79b8-4104-ab47-95cd1d38950d.mp3","RelevantDocumentPart":null},{"PageStyle":13,"YoutubeSearchKeyword":null,"Index":13,"Title":"Question 2","Description":null,"Content":null,"NarrationText":null,"Images":null,"YoutubeUrl":null,"AudioDuration":6,"SpeechAudioUrl":"https://localhost/ContentFiles/IdealStudioFiles/1-13_ai_Question3c137224-9ef9-44ed-891b-4efb20b223ad.mp3","SpeechFileName":"1-13_ai_Question3c137224-9ef9-44ed-891b-4efb20b223ad.mp3","RelevantDocumentPart":null},{"PageStyle":14,"YoutubeSearchKeyword":null,"Index":14,"Title":"Question 3","Description":null,"Content":null,"NarrationText":null,"Images":null,"YoutubeUrl":null,"AudioDuration":4,"SpeechAudioUrl":"https://localhost/ContentFiles/IdealStudioFiles/1-14_ai_Questionfb39a7e6-8020-4702-94fe-14d83e2cb25c.mp3","SpeechFileName":"1-14_ai_Questionfb39a7e6-8020-4702-94fe-14d83e2cb25c.mp3","RelevantDocumentPart":null},{"PageStyle":100,"YoutubeSearchKeyword":null,"Index":100,"Title":"Şimdi Sıra Sizde","Description":null,"Content":"\"%3Cp%20style=%22text-align:%20center;%22%3E%3Cspan%20style=%22font-size:2.857142857142857em;%22%3E%3Cspan%20style=%22color:#ffffff;%22%3E%3Cspan%20style=%22font-family:Alata,sans-serif;%22%3E%C5%9Eimdi%20%3C/span%3E%3C/span%3E%3C/span%3E%3C/p%3E%0A%0A%3Cp%20style=%22text-align:%20center;%22%3E%C2%A0%3C/p%3E%0A%0A%3Cp%20style=%22text-align:%20center;%22%3E%3Cspan%20style=%22font-size:2.857142857142857em;%22%3E%3Cspan%20style=%22color:#ffffff;%22%3E%3Cspan%20style=%22font-family:Alata,sans-serif;%22%3ES%C4%B1ra%20Sizde%3C/span%3E%3C/span%3E%3C/span%3E%3C/p%3E%0A\"","NarrationText":null,"Images":null,"YoutubeUrl":null,"AudioDuration":2,"SpeechAudioUrl":"https://localhost/ContentFiles/IdealStudioFiles/AI_Section_100_34f644ad-8af0-4a6c-8492-ef97216e25f4.mp3","SpeechFileName":"AI_Section_100_34f644ad-8af0-4a6c-8492-ef97216e25f4.mp3","RelevantDocumentPart":null},{"PageStyle":101,"YoutubeSearchKeyword":null,"Index":101,"Title":"Tebrikler, Eğitimi Tamamladınız","Description":null,"Content":"\"%3Cp%20style=%22text-align:%20center;%22%3E%3Cspan%20style=%22color:#ffffff;%22%3E%3Cspan%20style=%22font-size:2.5em;%22%3E%3Cspan%20style=%22font-family:Alata,sans-serif;%22%3E%3Cstrong%3ETebrikler,%20E%C4%9Fitimi%20Tamamlad%C4%B1n%C4%B1z%3C/strong%3E%3C/span%3E%3C/span%3E%3C/span%3E%3C/p%3E%0A\"","NarrationText":null,"Images":null,"YoutubeUrl":null,"AudioDuration":3,"SpeechAudioUrl":"https://localhost/ContentFiles/IdealStudioFiles/AI_Section_101_a9870b5f-eb24-406c-81ed-c3a47fee435c.mp3","SpeechFileName":"AI_Section_101_a9870b5f-eb24-406c-81ed-c3a47fee435c.mp3","RelevantDocumentPart":null}],"GeneralQuiz":[{"Index":12,"Type":0,"Question":"Güvenli Yazılım Geliştirme sürecinde 'En Az Yetkiyle Çalışma' prensibinin temel amacı nedir?","Options":["Sistemin performansını artırmak","Kullanıcıların tüm kaynaklara sınırsız erişimini sağlamak","Güvenlik açıklarını azaltmak ve riski en aza indirmek","Yazılımın görünümünü ve kullanılabilirliğini geliştirmek"],"CorrectAnswers":["Güvenlik açıklarını azaltmak ve riski en aza indirmek"],"Statements":null,"IsSuccess":true,"ErrorMessage":null},{"Index":13,"Type":1,"Question":"Aşağıdakilerden hangileri güvenli yazılım geliştirme yaşam döngüsünün aşamaları arasında yer alır?","Options":["Geliştirici Eğitimi","Güvenli Kurulum","Yazılım Performans Optimizasyonu","Düzenli Güvenlik Analizi"],"CorrectAnswers":["Geliştirici Eğitimi","Güvenli Kurulum","Düzenli Güvenlik Analizi"],"Statements":null,"IsSuccess":true,"ErrorMessage":null},{"Index":14,"Type":2,"Question":"Aşağıdaki ifadelerin Doğru mu Yanlış mı olduğuna karar verin","Options":null,"CorrectAnswers":null,"Statements":[{"Statement":"Kurulum ve yapılandırmalarda gereksiz servislerin kaldırılması, sistem sıkılaştırma işlemi değildir.","Answer":"False"},{"Statement":"Statik ve dinamik analizler, güvenli yazılım geliştirmede zayıflıkları tespit etmek için kullanılır.","Answer":"True"},{"Statement":"Güvenli yazılım geliştirme, yalnızca kodlama aşamasında dikkat edilmesi gereken bir süreçtir.","Answer":"False"},{"Statement":"Güvenli yazılım geliştirme sürecinde kullanıcı dostu güvenlik mekanizmaları tasarlamak önemlidir.","Answer":"True"}],"IsSuccess":true,"ErrorMessage":null}],"IsSuccess":true,"ErrorMessage":"","ErrorCode":0,"ThreadId":null,"FullDocumentText":null,"SummaryDocumentText":null}