{"CourseInfo":{"Title":"Hayatta Başarılı Olmak İçin Etkili İletişim Eğitimi","Description":"Etkili iletişimin sözel, sözel olmayan ve aktif dinleme gibi temel bileşenlerini; tarihsel gelişimi, ana teorik yaklaşımlarını ve yaşamda, kişilerarası ilişkilerde ve mesleki başarı süreçlerindeki temel rolünü bilimsel olarak açıklayan kapsamlı online eğitim.","Objective":null,"TargetAudience":null,"CourseImageUrl":"https://localhost/ContentFiles/IdealStudioFiles/1-ai-CourseCoverImage-9bfa9771-a954-45a3-a506-4edef90dcebc.png","AudioDuration":2,"SpeechAudioUrl":"https://localhost/ContentFiles/IdealStudioFiles/1-ai-CourseCoverSpeech-138fa7f3-eafc-4edc-b3be-79eb203d4cdc.mp3","SpeechFileName":"1-ai-CourseCoverSpeech-138fa7f3-eafc-4edc-b3be-79eb203d4cdc.mp3"},"Sections":[{"PageStyle":26,"YoutubeSearchKeyword":null,"Index":1,"Title":"Giriş: Eğitimin Tanıtımı ve Amacı","Description":null,"Content":{"paragraph":"Hoş geldiniz! Bu eğitimde, hayatta başarılı olmak için etkili iletişimin temel bileşenlerini ve bu becerilerin başarıya katkısını keşfedeceksiniz. Amaç, bilimsel bilgi ve tekniklere dayalı iletişim becerilerini geliştirmek ve sürdürülebilir başarıya destek olmaktır. Kurs boyunca, iletişim süreçlerinin nasıl işlediğini, pratik uygulamaları ve değerlendirme yöntemlerini detaylı olarak inceleyeceğiz."},"NarrationText":"Hoş geldiniz! Bu eğitimde, hayatta başarılı olmak için etkili iletişimin temel bileşenlerini ve bu becerilerin başarıya katkısını keşfedeceksiniz. Amaç, bilimsel bilgi ve tekniklere dayalı iletişim becerilerini geliştirmek ve sürdürülebilir başarıya destek olmaktır. Kurs boyunca, iletişim süreçlerinin nasıl işlediğini, pratik uygulamaları ve değerlendirme yöntemlerini detaylı olarak inceleyeceğiz.","Images":[],"YoutubeUrl":null,"AudioDuration":26,"SpeechAudioUrl":"https://localhost/ContentFiles/IdealStudioFiles/AI_Section_1_d208b7a0-275b-4129-bc85-c419e3fe90e0.mp3","SpeechFileName":"AI_Section_1_d208b7a0-275b-4129-bc85-c419e3fe90e0.mp3","RelevantDocumentPart":null},{"PageStyle":27,"YoutubeSearchKeyword":null,"Index":2,"Title":"Etkili İletişimin Tanımı ve Önemi","Description":null,"Content":{"paragraph":"Etkili iletişim, bireyler arasında bilgi, duygu ve düşüncelerin aktarılmasını sağlayan sözel ve sözel olmayan süreçlerin bütünüdür.","subtext1":"Ortak bir anlayış oluşturmayı mümkün kılan bu süreç, yalnızca iş veya kişisel yaşamda değil, hayatın tüm alanlarında merkezi bir rol oynar.","subtext2":"Başarıya ulaşmak için etkili iletişim vazgeçilmez bir araçtır."},"NarrationText":"Etkili iletişim, bireyler arasında bilgi, duygu ve düşüncelerin aktarılmasını sağlayan sözel ve sözel olmayan süreçlerin bütünüdür. Ortak bir anlayış oluşturmayı mümkün kılan bu süreç, yalnızca iş veya kişisel yaşamda değil, hayatın tüm alanlarında merkezi bir rol oynar. Başarıya ulaşmak için etkili iletişim vazgeçilmez bir araçtır.","Images":[{"ImagePrompt":"people effective communication teamwork","ImageSize":"W1024xH1792","ImageUrl":"https://localhost/ContentFiles/IdealStudioFiles/AI_Section_2-035de2b1-92d0-45ba-8260-892ee545daa6.png","IsSuccess":false,"ErrorMessage":null}],"YoutubeUrl":null,"AudioDuration":22,"SpeechAudioUrl":"https://localhost/ContentFiles/IdealStudioFiles/AI_Section_2_8682857b-1911-4fd7-bd21-87e4d5bad52c.mp3","SpeechFileName":"AI_Section_2_8682857b-1911-4fd7-bd21-87e4d5bad52c.mp3","RelevantDocumentPart":null},{"PageStyle":15,"YoutubeSearchKeyword":null,"Index":3,"Title":"Sözlü İletişimin Temel Özellikleri","Description":null,"Content":{"paragraph":"Sözlü iletişim, mesajların dil aracılığıyla iletilmesidir.","list":"Konuşma, dinleme, ses tonu, vurgu ve akıcılık önemli ögelerdir.; Sözcük seçimi, açıklık ve yapılandırılmış anlatım kalitesini belirler.; Doğru ve etkili sözlü iletişim, mesajın net ve anlaşılır iletilmesini sağlar."},"NarrationText":"Sözlü iletişim, mesajların dil aracılığıyla iletilmesidir. Konuşma, dinleme, ses tonu, vurgu ve akıcılık gibi ögeleri içerir. Ayrıca, sözcük seçimi, açıklık ve yapılandırılmış anlatım, sözel iletişimin kalitesini belirler. Doğru ve etkili bir sözlü iletişim, anlatılmak istenenin karşı tarafa net ve anlaşılır biçimde ulaşmasını sağlar.","Images":[{"ImagePrompt":"verbal communication speaking listening","ImageSize":"W1024xH1792","ImageUrl":"https://localhost/ContentFiles/IdealStudioFiles/AI_Section_3-dc9c3851-8d87-4b26-b612-6ca4feca225b.png","IsSuccess":false,"ErrorMessage":null}],"YoutubeUrl":null,"AudioDuration":24,"SpeechAudioUrl":"https://localhost/ContentFiles/IdealStudioFiles/AI_Section_3_af10073b-738f-409c-b40c-9f1e3fd71251.mp3","SpeechFileName":"AI_Section_3_af10073b-738f-409c-b40c-9f1e3fd71251.mp3","RelevantDocumentPart":null},{"PageStyle":21,"YoutubeSearchKeyword":null,"Index":4,"Title":"Sözel Olmayan İletişim Nedir?","Description":null,"Content":{"paragraph1":"Sözel olmayan iletişim, kelimeler kullanılmadan gerçekleşen iletişim biçimidir.","paragraph2":"Beden dili, yüz ifadeleri, göz teması, jestler ve duruş gibi unsurları kapsar.","paragraph3":"Araştırmalara göre, iletişimde duyguların büyük bir kısmı, yani %55’e kadarı beden diliyle aktarılır."},"NarrationText":"Sözel olmayan iletişim, kelimeler kullanılmadan gerçekleşen iletişim biçimidir. Beden dili, yüz ifadeleri, göz teması, jestler ve duruş gibi unsurları kapsar. Araştırmalara göre, iletişimde duyguların büyük bir kısmı, yani %55’e kadarı beden diliyle aktarılır. Bu tür sinyaller, sözel mesajların anlamını güçlendirebilir veya yönlendirebilir.","Images":[{"ImagePrompt":"nonverbal body language gestures","ImageSize":"W1024xH1792","ImageUrl":"https://localhost/ContentFiles/IdealStudioFiles/AI_Section_4-0c61ec7e-a587-42d4-8817-ad348e7f45d8.png","IsSuccess":false,"ErrorMessage":null}],"YoutubeUrl":null,"AudioDuration":24,"SpeechAudioUrl":"https://localhost/ContentFiles/IdealStudioFiles/AI_Section_4_d59c048f-78a4-4d9f-8619-acce51f1761a.mp3","SpeechFileName":"AI_Section_4_d59c048f-78a4-4d9f-8619-acce51f1761a.mp3","RelevantDocumentPart":null},{"PageStyle":4,"YoutubeSearchKeyword":null,"Index":5,"Title":"Aktif Dinlemenin Önemi","Description":null,"Content":{"paragraph":"Aktif dinleme, konuşanın mesajını tam olarak anlamak amacıyla yoğun bir dikkat ve çaba gerektiren bilinçli bir süreçtir.","list":"Geri bildirim vererek dinlemek; Empati göstermek; Açıklayıcı ve onaylayıcı sorular sormak; Karşılıklı güven oluşturarak yanlış anlamaları önlemek"},"NarrationText":"Aktif dinleme, konuşanın mesajını tam olarak anlamak amacıyla yoğun bir dikkat ve çaba gerektiren bilinçli bir süreçtir. Etkili bir iletişim için geri bildirim, empati ve açıklayıcı sorular kullanılarak dinlemek büyük önem taşır. Aktif dinleme, yanlış anlamaların önüne geçer ve karşılıklı güven oluşturur.","Images":[{"ImagePrompt":"active listening conversation empathy","ImageSize":"W1792xH1024","ImageUrl":"https://localhost/ContentFiles/IdealStudioFiles/AI_Section_5-881b0036-fb57-45ee-a66f-1c20369d0384.png","IsSuccess":false,"ErrorMessage":null}],"YoutubeUrl":null,"AudioDuration":19,"SpeechAudioUrl":"https://localhost/ContentFiles/IdealStudioFiles/AI_Section_5_120701ad-46c4-47b9-bf28-dad6356886ca.mp3","SpeechFileName":"AI_Section_5_120701ad-46c4-47b9-bf28-dad6356886ca.mp3","RelevantDocumentPart":null},{"PageStyle":28,"YoutubeSearchKeyword":null,"Index":6,"Title":"İletişimin Tarihsel Gelişimi","Description":null,"Content":{"list":"Antik Yunan'da Aristoteles'in 'Retorik' eseri iletişim akademik çalışmalarının temeli oldu.; 20. yüzyılda Shannon ve Weaver Matematiksel İletişim Modeli'ni geliştirdi.; Kodlama, kanal ve geri bildirim gibi kavramlar bilimsel olarak irdelendi.; Sosyal psikoloji ve organizasyon teorileriyle iletişim çalışmaları bütünleşti."},"NarrationText":"İletişimin bilimsel çalışmaları, Antik Yunan dönemindeki Aristoteles’in 'Retorik' adlı eserine dayanır. 20. yüzyılda Shannon ve Weaver’ın geliştirdiği Matematiksel İletişim Modeli sayesinde iletişimde kodlama, kanal ve geri bildirim gibi kavramlar akademik olarak incelenmiştir. İlerleyen yıllarda sosyal psikoloji ve organizasyon teorileriyle bütünleşmiştir.","Images":[{"ImagePrompt":"history communication timeline models","ImageSize":"W1024xH1792","ImageUrl":"https://localhost/ContentFiles/IdealStudioFiles/AI_Section_6-2848533b-b10a-4df5-ab26-e40db617164f.png","IsSuccess":false,"ErrorMessage":null}],"YoutubeUrl":null,"AudioDuration":23,"SpeechAudioUrl":"https://localhost/ContentFiles/IdealStudioFiles/AI_Section_6_8e400ccc-8737-4126-b5d6-1d7f820f0cfe.mp3","SpeechFileName":"AI_Section_6_8e400ccc-8737-4126-b5d6-1d7f820f0cfe.mp3","RelevantDocumentPart":null},{"PageStyle":29,"YoutubeSearchKeyword":null,"Index":7,"Title":"Shannon-Weaver İletişim Modeli","Description":null,"Content":{"list":"Shannon-Weaver modeli iletişimde kaynak, mesaj, kanal, alıcı ve gürültüyü tanımlar.; Mesaj kanal ile alıcıya iletilir.; Gürültü iletişimi etkileyebilir.; Model, yapısal ve matematiksel iletişimi anlamak için önemlidir."},"NarrationText":"Shannon-Weaver modeli, iletişim sürecini kaynak, mesaj, kanal, alıcı ve gürültü gibi temel bileşenlerle açıklar. Bu modelde mesaj, bir kaynaktan çıkar ve bir kanal aracılığıyla alıcıya ulaşır. Gürültüler ise iletişimi olumsuz etkileyebilen unsurlardır. Model, iletişimin yapısal ve matematiksel boyutunu anlamak için önemlidir.","Images":[{"ImagePrompt":"shannon weaver communication diagram","ImageSize":"W1024xH1024","ImageUrl":"https://localhost/ContentFiles/IdealStudioFiles/AI_Section_7-cf93c668-d831-4013-b6ac-93cbebf75a8a.png","IsSuccess":false,"ErrorMessage":null},{"ImagePrompt":"communication model source receiver","ImageSize":"W1024xH1024","ImageUrl":"https://localhost/ContentFiles/IdealStudioFiles/AI_Section_7-3bd19daa-7b19-40a5-8f63-7e8f746d1839.png","IsSuccess":false,"ErrorMessage":null}],"YoutubeUrl":null,"AudioDuration":23,"SpeechAudioUrl":"https://localhost/ContentFiles/IdealStudioFiles/AI_Section_7_07231dc2-bd2e-4da9-9896-e098766a4350.mp3","SpeechFileName":"AI_Section_7_07231dc2-bd2e-4da9-9896-e098766a4350.mp3","RelevantDocumentPart":null},{"PageStyle":30,"YoutubeSearchKeyword":null,"Index":8,"Title":"Transactional (Etkileşimsel) İletişim Modeli","Description":null,"Content":{"list":"Etkileşimsel iletişim modeli iletişimin çift yönlü ve karşılıklı olduğunu savunur.; Gönderici ve alıcı rollerinin değiştiği, iki tarafın da aktif olduğu dinamik bir süreçtir."},"NarrationText":"Etkileşimsel iletişim modeli, iletişimin çift yönlü, sürekli ve karşılıklı bir süreç olduğunu vurgular. Bu yaklaşımda, gönderici ve alıcı rollerinin zaman içinde değiştiği ve iki tarafın da aktif olarak katıldığı bir süreç ön plandadır. Model, iletişimin dinamik doğasını anlamak için önemli bir teorik temeldir.","Images":[{"ImagePrompt":"transactional communication interaction dynamic","ImageSize":"W1792xH1024","ImageUrl":"https://localhost/ContentFiles/IdealStudioFiles/AI_Section_8-681a7484-9c9f-4205-a025-f7a915f9a7db.png","IsSuccess":false,"ErrorMessage":null}],"YoutubeUrl":null,"AudioDuration":21,"SpeechAudioUrl":"https://localhost/ContentFiles/IdealStudioFiles/AI_Section_8_68382bf6-b0eb-403c-ae91-d6f19f47ede6.mp3","SpeechFileName":"AI_Section_8_68382bf6-b0eb-403c-ae91-d6f19f47ede6.mp3","RelevantDocumentPart":null},{"PageStyle":10,"YoutubeSearchKeyword":null,"Index":9,"Title":"Empatik İletişim Teorisi","Description":null,"Content":{"paragraph1":"Carl Rogers tarafından geliştirilen Empatik İletişim Teorisi, iletişimde karşılıklı anlayış ve empatiyi başarı için anahtar olarak görür.","paragraph2":"Tarafların duygu ve düşüncelerini anlamalarını teşvik ederek etkili ve sağlıklı ilişkiler kurmayı amaçlar. Empati, iletişim süreçlerine derinlik kazandırır."},"NarrationText":"Carl Rogers tarafından geliştirilen Empatik İletişim Teorisi, iletişimde karşılıklı anlayış ve empatiyi başarı için anahtar olarak görür. Bu yaklaşım, tarafların birbirlerinin duygu ve düşüncelerini anlamalarını teşvik ederek daha etkili ve sağlıklı ilişkiler kurmayı amaçlar. Empati, iletişim sürecinin derinlik kazanmasını sağlar.","Images":[{"ImagePrompt":"empathic communication mutual understanding","ImageSize":"W1024xH1792","ImageUrl":"https://localhost/ContentFiles/IdealStudioFiles/AI_Section_9-07966c05-52ee-4b02-893f-21961a9ac9d7.png","IsSuccess":false,"ErrorMessage":null}],"YoutubeUrl":null,"AudioDuration":21,"SpeechAudioUrl":"https://localhost/ContentFiles/IdealStudioFiles/AI_Section_9_3618381d-87d3-4112-be81-bca2781b273d.mp3","SpeechFileName":"AI_Section_9_3618381d-87d3-4112-be81-bca2781b273d.mp3","RelevantDocumentPart":null},{"PageStyle":21,"YoutubeSearchKeyword":null,"Index":10,"Title":"Kişilerarası İlişkiler ve Sosyal Yetkinlik","Description":null,"Content":{"paragraph1":"Kişilerarası iletişim becerileri, kendini açıkça ifade etme, etkin dinleme, çatışma yönetimi ve geri bildirim verme gibi unsurları kapsar.","paragraph2":"Araştırmalar, bu becerilerin sosyal ilişkilerde memnuniyet ve etkiyi artırdığını göstermektedir.","paragraph3":"Etkili kişilerarası iletişim, kişinin günlük yaşamında ve sosyal çevresinde başarıya katkıda bulunur."},"NarrationText":"Kişilerarası iletişim becerileri, kendini açıkça ifade etme, etkin dinleme, çatışma yönetimi ve geri bildirim verme gibi unsurları kapsar. Araştırmalar, bu becerilerin sosyal ilişkilerde memnuniyet ve etkiyi artırdığını göstermektedir. Etkili kişilerarası iletişim, kişinin günlük yaşamında ve sosyal çevresinde başarıya katkıda bulunur.","Images":[{"ImagePrompt":"interpersonal skills communication teamwork","ImageSize":"W1024xH1792","ImageUrl":"https://localhost/ContentFiles/IdealStudioFiles/AI_Section_10-053052fa-73d6-4ac8-8e8a-46edc775b4da.png","IsSuccess":false,"ErrorMessage":null}],"YoutubeUrl":null,"AudioDuration":23,"SpeechAudioUrl":"https://localhost/ContentFiles/IdealStudioFiles/AI_Section_10_7671ebda-0b24-4598-9a28-b94d20b6f6d1.mp3","SpeechFileName":"AI_Section_10_7671ebda-0b24-4598-9a28-b94d20b6f6d1.mp3","RelevantDocumentPart":null},{"PageStyle":27,"YoutubeSearchKeyword":null,"Index":12,"Title":"Mesleki Başarıda İletişimin Rolü","Description":null,"Content":{"paragraph":"Mesleki yaşamda etkili iletişim, takım çalışması, liderlik, müzakere ve müşteri ilişkileri gibi alanlarda performansı doğrudan etkiler.","subtext1":"İletişim yetkinliği, 21. yüzyılın temel iş becerileri arasında öne çıkmıştır.","subtext2":"İletişim becerilerini geliştirmek ve etkin kullanmak büyük avantaj sağlar."},"NarrationText":"Mesleki yaşamda etkili iletişim, takım çalışması, liderlik, müzakere ve müşteri ilişkileri gibi alanlarda performansı doğrudan etkiler. Dünya Ekonomik Forumu’nun 2020 raporunda, iletişim yetkinliği, 21. yüzyılın temel iş becerileri arasında öne çıkmıştır. İş ortamında başarılı olabilmek için iletişim becerilerini geliştirmek ve etkin kullanmak büyük avantaj sağlar.","Images":[{"ImagePrompt":"business communication teamwork success","ImageSize":"W1024xH1792","ImageUrl":"https://localhost/ContentFiles/IdealStudioFiles/AI_Section_12-73983711-1731-4e7f-99a7-d3f88ae32367.png","IsSuccess":false,"ErrorMessage":null}],"YoutubeUrl":null,"AudioDuration":26,"SpeechAudioUrl":"https://localhost/ContentFiles/IdealStudioFiles/AI_Section_12_49f96e24-a39b-4ef9-a3db-6caa10b7983b.mp3","SpeechFileName":"AI_Section_12_49f96e24-a39b-4ef9-a3db-6caa10b7983b.mp3","RelevantDocumentPart":null},{"PageStyle":21,"YoutubeSearchKeyword":null,"Index":13,"Title":"Etkili İletişim Eğitiminde Bilişsel Davranışçı Yaklaşım","Description":null,"Content":{"paragraph1":"Bilişsel davranışçı eğitim yaklaşımı, bireyin iletişimde öz farkındalığını ve davranışlarını sistematik bir şekilde geliştirmeyi amaçlar.","paragraph2":"Bu yöntemde rol yapma, geribildirim ve modelleme gibi pratik teknikler kullanılır.","paragraph3":"Katılımcıların, iletişim süreçlerini bilinçli olarak gözden geçirmesine ve geliştirmesine destek olur."},"NarrationText":"Bilişsel davranışçı eğitim yaklaşımı, bireyin iletişimde öz farkındalığını ve davranışlarını sistematik bir şekilde geliştirmeyi amaçlar. Bu yöntemde rol yapma, geribildirim ve modelleme gibi pratik teknikler kullanılır. Katılımcıların, iletişim süreçlerini bilinçli olarak gözden geçirmesine ve geliştirmesine destek olur.","Images":[{"ImagePrompt":"cognitive behavioral training communication","ImageSize":"W1024xH1792","ImageUrl":"https://localhost/ContentFiles/IdealStudioFiles/AI_Section_13-8f846c4e-92bb-4ba0-a20f-7c76e79c207c.png","IsSuccess":false,"ErrorMessage":null}],"YoutubeUrl":null,"AudioDuration":21,"SpeechAudioUrl":"https://localhost/ContentFiles/IdealStudioFiles/AI_Section_13_bd41c272-c645-489a-91f7-8379cd0b1171.mp3","SpeechFileName":"AI_Section_13_bd41c272-c645-489a-91f7-8379cd0b1171.mp3","RelevantDocumentPart":null},{"PageStyle":28,"YoutubeSearchKeyword":null,"Index":14,"Title":"Rol Yapma (Role Play) Tekniği","Description":null,"Content":{"list":"Rol yapma tekniği, iletişim becerilerinin kontrollü bir ortamda deneyimlenmesini mümkün kılar.;Katılımcılar, farklı iletişim senaryolarında çeşitli rolleri üstlenir.;İfade etme, dinleme ve çözüm üretme konularında pratik yapılır.;Kalıcı öğrenme ve davranış değişikliği sağlanır."},"NarrationText":"Rol yapma tekniği, iletişim becerilerinin kontrollü bir ortamda deneyimlenmesini mümkün kılar. Katılımcılar, farklı iletişim senaryolarında çeşitli rolleri üstlenerek; kendilerini ifade etme, dinleme veya çözüm üretme konularında pratiğe dayalı deneyim elde ederler. Bu yaklaşım, kalıcı öğrenme ve davranış değişikliği sağlamada etkilidir.","Images":[{"ImagePrompt":"role play communication practice group","ImageSize":"W1024xH1792","ImageUrl":"https://localhost/ContentFiles/IdealStudioFiles/AI_Section_14-8ddcee34-17ac-471a-829c-21636c641d06.png","IsSuccess":false,"ErrorMessage":null}],"YoutubeUrl":null,"AudioDuration":22,"SpeechAudioUrl":"https://localhost/ContentFiles/IdealStudioFiles/AI_Section_14_acdc0277-8f8c-494c-8c8e-1d86cd651316.mp3","SpeechFileName":"AI_Section_14_acdc0277-8f8c-494c-8c8e-1d86cd651316.mp3","RelevantDocumentPart":null},{"PageStyle":15,"YoutubeSearchKeyword":null,"Index":15,"Title":"Geribildirim ve Modelleme Yöntemleri","Description":null,"Content":{"paragraph":"Geribildirim, iletişim eğitimlerinde gelişimin izlenmesi ve katılımcıların güçlü-gelişime açık yönlerinin tespit edilmesi için kullanılır.","list":"Modelleme, başarılı davranışların gözlenip taklit edilmesini teşvik eder.;Geribildirim ve modelleme, iletişim becerilerinin geliştirilmesinde vazgeçilmezdir.;Bu yöntemler, iletişim eğitimlerinde sıkça uygulanır."},"NarrationText":"Geribildirim, iletişim eğitimlerinde gelişimin izlenmesi ve katılımcıların güçlü-gelişime açık yönlerinin tespit edilmesi için kullanılır. Modelleme ise, başarılı davranışların gözlenip taklit edilmesini teşvik eder. Bu iki yöntem, iletişim becerilerinin geliştirilmesinde vazgeçilmez uygulamalardır.","Images":[{"ImagePrompt":"feedback modeling training communication","ImageSize":"W1024xH1792","ImageUrl":"https://localhost/ContentFiles/IdealStudioFiles/AI_Section_15-737dcf9f-116c-40f7-82ac-17b191bbfcc6.png","IsSuccess":false,"ErrorMessage":null}],"YoutubeUrl":null,"AudioDuration":20,"SpeechAudioUrl":"https://localhost/ContentFiles/IdealStudioFiles/AI_Section_15_f153ab59-2b0c-42d3-a158-b232f78b006b.mp3","SpeechFileName":"AI_Section_15_f153ab59-2b0c-42d3-a158-b232f78b006b.mp3","RelevantDocumentPart":null},{"PageStyle":4,"YoutubeSearchKeyword":null,"Index":16,"Title":"Uygulamalı Eğitim Tekniklerine Genel Bakış","Description":null,"Content":{"paragraph":"Atölye çalışmaları, vaka analizi, grup tartışmaları ve interaktif oyunlar, iletişim becerilerinin uygulamalı olarak pekiştirilmesinde yaygın olarak kullanılır.","list":"Atölye çalışmaları uygulama imkanı sunar.;Vaka analizlerinde gerçek durumlar ele alınır.;Grup tartışmaları farklı bakış açıları kazandırır.;İnteraktif oyunlar öğrenmeyi eğlenceli hale getirir."},"NarrationText":"Atölye çalışmaları, vaka analizi, grup tartışmaları ve interaktif oyunlar, iletişim becerilerinin uygulamalı olarak pekiştirilmesinde yaygın olarak kullanılır. Bu teknikler, katılımcıların gerçek yaşam senaryolarında öğrendiklerini test etmelerine ve geliştirmelerine fırsat tanır. Pratik uygulamalar, öğrenmenin kalıcılığını artırır.","Images":[{"ImagePrompt":"workshop case study discussion interactive","ImageSize":"W1792xH1024","ImageUrl":"https://localhost/ContentFiles/IdealStudioFiles/AI_Section_16-8069ce30-7d60-4fd0-ae19-f497a8799c50.png","IsSuccess":false,"ErrorMessage":null}],"YoutubeUrl":null,"AudioDuration":22,"SpeechAudioUrl":"https://localhost/ContentFiles/IdealStudioFiles/AI_Section_16_bb97f8e7-a64f-4e04-91b3-b2647c7e688b.mp3","SpeechFileName":"AI_Section_16_bb97f8e7-a64f-4e04-91b3-b2647c7e688b.mp3","RelevantDocumentPart":null},{"PageStyle":10,"YoutubeSearchKeyword":null,"Index":17,"Title":"Atölye Çalışmaları ve Grup Tartışmaları","Description":null,"Content":{"paragraph1":"Atölye çalışmaları sırasında katılımcılar, belirli bir iletişim becerisi üzerine odaklanıp uygulamalar yapar.","paragraph2":"Grup tartışmaları farklı bakış açılarının paylaşılması ve katılımcılar arasında etkileşim sağlar."},"NarrationText":"Atölye çalışmaları sırasında katılımcılar, belirli bir iletişim becerisi üzerine odaklanıp uygulamalar yapar. Grup tartışmaları ile ise, farklı bakış açıları paylaşılır ve katılımcılar arasında etkileşim sağlanır. Her iki yöntem de katılımcıların etkin bir şekilde öğrenmelerine katkı sağlar ve iletişim süreçlerini zenginleştirir.","Images":[{"ImagePrompt":"workshop group discussion communication","ImageSize":"W1024xH1792","ImageUrl":"https://localhost/ContentFiles/IdealStudioFiles/AI_Section_17-245ef805-3ecb-40d2-9618-fd5a82e8acd9.png","IsSuccess":false,"ErrorMessage":null}],"YoutubeUrl":null,"AudioDuration":21,"SpeechAudioUrl":"https://localhost/ContentFiles/IdealStudioFiles/AI_Section_17_5ee6e95a-cdf2-4b9c-b573-4a35c7d126cb.mp3","SpeechFileName":"AI_Section_17_5ee6e95a-cdf2-4b9c-b573-4a35c7d126cb.mp3","RelevantDocumentPart":null},{"PageStyle":27,"YoutubeSearchKeyword":null,"Index":18,"Title":"Vaka Analizi ve Gerçek Senaryo Uygulamaları","Description":null,"Content":{"paragraph":"Vaka analizi tekniği, katılımcıların gerçek hayata yakın durumları inceleyerek çözüm üretmelerini sağlar.","subtext1":"Senaryo uygulamalarında teorik bilgi pratiğe aktarılır.","subtext2":"Katılımcılar, iletişim becerilerini gerçek koşullarda test etme fırsatı bulurlar."},"NarrationText":"Vaka analizi tekniği, katılımcıların gerçek hayata yakın durumları inceleyerek çözüm üretmelerini sağlar. Senaryo uygulamalarında ise, teorik bilginin pratiğe aktarılması mümkün olur. Katılımcılar, analiz yaparak ve çözüm stratejileri geliştirerek iletişim becerilerini gerçek koşullarda test etme fırsatı bulurlar.","Images":[{"ImagePrompt":"case analysis scenario application training","ImageSize":"W1024xH1792","ImageUrl":"https://localhost/ContentFiles/IdealStudioFiles/AI_Section_18-93124a84-d2b1-489c-854a-6dd39fb3f12a.png","IsSuccess":false,"ErrorMessage":null}],"YoutubeUrl":null,"AudioDuration":20,"SpeechAudioUrl":"https://localhost/ContentFiles/IdealStudioFiles/AI_Section_18_a65503ba-1f65-4197-a02c-8088a72791e7.mp3","SpeechFileName":"AI_Section_18_a65503ba-1f65-4197-a02c-8088a72791e7.mp3","RelevantDocumentPart":null},{"PageStyle":30,"YoutubeSearchKeyword":null,"Index":19,"Title":"İnteraktif Oyunların İletişimdeki Yeri","Description":null,"Content":{"list":"İnteraktif oyunlar, öğrenme sürecini eğlenceli ve hareketli hale getirir.;Katılımcılar, işbirliği ve empati kurarak iletişim pratiği yapar."},"NarrationText":"İnteraktif oyunlar, öğrenme sürecini eğlenceli ve hareketli hale getirirken iletişim becerilerinin aktif bir şekilde geliştirilmesini destekler. Oyunsal ortamda işbirliği, empati, hızlı düşünme gibi özellikler ön plana çıkar. Katılımcılar, süreç boyunca hem eğlenir hem de etkili iletişim pratiği yapar.","Images":[{"ImagePrompt":"interactive games communication training","ImageSize":"W1792xH1024","ImageUrl":"https://localhost/ContentFiles/IdealStudioFiles/AI_Section_19-1b873daa-ab39-40da-977d-fd5f4921d9a1.png","IsSuccess":false,"ErrorMessage":null}],"YoutubeUrl":null,"AudioDuration":20,"SpeechAudioUrl":"https://localhost/ContentFiles/IdealStudioFiles/AI_Section_19_3b6f7fbb-0e69-4880-8181-6a94264aab37.mp3","SpeechFileName":"AI_Section_19_3b6f7fbb-0e69-4880-8181-6a94264aab37.mp3","RelevantDocumentPart":null},{"PageStyle":29,"YoutubeSearchKeyword":null,"Index":20,"Title":"İletişim Becerilerinin Değerlendirilmesi","Description":null,"Content":{"list":"İletişim becerileri objektif olarak ölçülebilir.;Yapılandırılmış formlar ve ölçekler kullanılır.;Interpersonal Communication Competence Scale örnektir.;Değerlendirmeler gelişim için yol gösterici olur."},"NarrationText":"İletişim becerileri, standartlaştırılmış ölçekler veya yapılandırılmış gözlem formlarıyla objektif olarak ölçülebilir. Örneğin Interpersonal Communication Competence Scale gibi araçlar, bireylerin iletişim yeterliliklerinin değerlendirilmesinde kullanılır. Bu değerlendirmeler, gelişim alanlarının belirlenmesinde ve bireysel geri bildirimlerde yol gösterici olur.","Images":[{"ImagePrompt":"communication skills assessment form scale","ImageSize":"W1024xH1024","ImageUrl":"https://localhost/ContentFiles/IdealStudioFiles/AI_Section_20-acea6db3-e5c8-4f1c-8ae8-3602c32fa589.png","IsSuccess":false,"ErrorMessage":null},{"ImagePrompt":"evaluation feedback communication improvement","ImageSize":"W1024xH1024","ImageUrl":"https://localhost/ContentFiles/IdealStudioFiles/AI_Section_20-27bb14d0-fc39-4c5f-bfab-13188ea241f2.png","IsSuccess":false,"ErrorMessage":null}],"YoutubeUrl":null,"AudioDuration":23,"SpeechAudioUrl":"https://localhost/ContentFiles/IdealStudioFiles/AI_Section_20_c31f8f9f-c1b0-4130-955e-f87711a4c5a1.mp3","SpeechFileName":"AI_Section_20_c31f8f9f-c1b0-4130-955e-f87711a4c5a1.mp3","RelevantDocumentPart":null},{"PageStyle":8,"YoutubeSearchKeyword":null,"Index":21,"Title":"Geri Bildirim Süreçlerinde Yapı ve Amaç","Description":null,"Content":{"paragraph1":"Objektif ve yapılandırılmış geri bildirim, iletişim becerilerinin gelişiminde büyük öneme sahiptir.","paragraph2":"Etkili geribildirimler, bireylerin iletişim becerilerini daha üst seviyeye taşımalarına olanak tanır."},"NarrationText":"Objektif ve yapılandırılmış geri bildirim, iletişim becerilerinin gelişiminde büyük öneme sahiptir. Katılımcıların güçlü ve gelişime açık yönlerini ortaya koymak amacıyla kullanılır. Öğrenme süreci boyunca alınan etkili geribildirimler, bireylerin iletişim becerilerini daha üst seviyeye taşımalarına olanak tanır.","Images":[{"ImagePrompt":"feedback communication development structure","ImageSize":"W1024xH1024","ImageUrl":"https://localhost/ContentFiles/IdealStudioFiles/AI_Section_21-77a02e66-d67c-4c21-a4d8-c39e33bcc6f4.png","IsSuccess":false,"ErrorMessage":null}],"YoutubeUrl":null,"AudioDuration":20,"SpeechAudioUrl":"https://localhost/ContentFiles/IdealStudioFiles/AI_Section_21_3a669781-8f28-4940-b5c7-4ccccc970c19.mp3","SpeechFileName":"AI_Section_21_3a669781-8f28-4940-b5c7-4ccccc970c19.mp3","RelevantDocumentPart":null},{"PageStyle":10,"YoutubeSearchKeyword":null,"Index":22,"Title":"İletişimde Öz-Farkındalığın Önemi","Description":null,"Content":{"paragraph1":"İletişimde öz-farkındalık, kişinin kendini ve karşısındakini doğru değerlendirmesini sağlar.","paragraph2":"Öz-farkındalık geliştiren bireyler, duygu ve düşüncelerini daha etkili ifade edebilir, yanlış anlaşılmaları azaltır ve ilişkilerde pozitif bir ortam oluşturur. Bu yetkinlik, iletişim becerilerinin temel dayanağıdır ve sürekli geliştirilmesi gereken bir alandır."},"NarrationText":"İletişimde öz-farkındalık, kişinin kendini ve karşısındakini doğru değerlendirmesini sağlar. Öz-farkındalık geliştiren bireyler, duygu ve düşüncelerini daha etkili ifade edebilir, yanlış anlaşılmaları azaltır ve ilişkilerde pozitif bir ortam oluşturur. Bu yetkinlik, iletişim becerilerinin temel dayanağıdır ve sürekli geliştirilmesi gereken bir alandır.","Images":[{"ImagePrompt":"self awareness communication understanding","ImageSize":"W1024xH1792","ImageUrl":"https://localhost/ContentFiles/IdealStudioFiles/AI_Section_22-26fd8d5d-a5b0-43b0-bc75-45960a1f1168.png","IsSuccess":false,"ErrorMessage":null}],"YoutubeUrl":null,"AudioDuration":23,"SpeechAudioUrl":"https://localhost/ContentFiles/IdealStudioFiles/AI_Section_22_b7a429b5-b7d6-48b9-9b22-92013ce9be1b.mp3","SpeechFileName":"AI_Section_22_b7a429b5-b7d6-48b9-9b22-92013ce9be1b.mp3","RelevantDocumentPart":null},{"PageStyle":2,"YoutubeSearchKeyword":null,"Index":23,"Title":"Empati Kurma ve Karşılıklı Anlayış","Description":null,"Content":{"subtitle":"Empati Kurma ve Karşılıklı Anlayış","paragraph1":"Empati, bir kişinin kendini karşısındakinin yerine koyarak onun duygu ve düşüncelerini anlamasıdır.","paragraph2":"İletişimde empatik yaklaşım, taraflar arasında karşılıklı güveni artırır, yanlış anlamaları azaltır ve daha yapıcı bir diyalog ortamı sağlar. Bu nedenle, empati kurmak etkili iletişimin en önemli anahtarlarından biridir."},"NarrationText":"Empati, bir kişinin kendini karşısındakinin yerine koyarak onun duygu ve düşüncelerini anlamasıdır. İletişimde empatik yaklaşım, taraflar arasında karşılıklı güveni artırır, yanlış anlamaları azaltır ve daha yapıcı bir diyalog ortamı sağlar. Bu nedenle, empati kurmak etkili iletişimin en önemli anahtarlarından biridir.","Images":[{"ImagePrompt":"empathy understanding conversation","ImageSize":"W1024xH1024","ImageUrl":"https://localhost/ContentFiles/IdealStudioFiles/AI_Section_23-41df0761-cdc3-4190-8a89-57107e175d13.png","IsSuccess":false,"ErrorMessage":null}],"YoutubeUrl":null,"AudioDuration":21,"SpeechAudioUrl":"https://localhost/ContentFiles/IdealStudioFiles/AI_Section_23_0fec55ee-df1e-4c21-8e74-2b5c37667f6e.mp3","SpeechFileName":"AI_Section_23_0fec55ee-df1e-4c21-8e74-2b5c37667f6e.mp3","RelevantDocumentPart":null},{"PageStyle":10,"YoutubeSearchKeyword":null,"Index":24,"Title":"Çatışma Yönetimi ve İletişim","Description":null,"Content":{"paragraph1":"Çatışmalar, iletişimin doğal bir parçası olup doğru yönetildiğinde gelişim fırsatı sunar.","paragraph2":"Etkili iletişim, çatışmaların çözümünde yapıcı yaklaşım ve açık iletişim kanallarının kullanılmasını içerir. Bireyler, çatışma yönetimi tekniklerini uygulayarak anlaşmazlıkları sağlıklı bir biçimde çözmeyi öğrenebilirler."},"NarrationText":"Çatışmalar, iletişimin doğal bir parçası olup doğru yönetildiğinde gelişim fırsatı sunar. Etkili iletişim, çatışmaların çözümünde yapıcı yaklaşım ve açık iletişim kanallarının kullanılmasını içerir. Bireyler, çatışma yönetimi tekniklerini uygulayarak anlaşmazlıkları sağlıklı bir biçimde çözmeyi öğrenebilirler.","Images":[{"ImagePrompt":"conflict management communication teamwork","ImageSize":"W1024xH1792","ImageUrl":"https://localhost/ContentFiles/IdealStudioFiles/AI_Section_24-a152dac1-2757-46ac-a5fc-d1e8bb473f40.png","IsSuccess":false,"ErrorMessage":null}],"YoutubeUrl":null,"AudioDuration":20,"SpeechAudioUrl":"https://localhost/ContentFiles/IdealStudioFiles/AI_Section_24_d76356b1-3542-460d-b910-19d28d5a86c2.mp3","SpeechFileName":"AI_Section_24_d76356b1-3542-460d-b910-19d28d5a86c2.mp3","RelevantDocumentPart":null},{"PageStyle":9,"YoutubeSearchKeyword":null,"Index":25,"Title":"Geri Bildirim Alma ve Verme Becerileri","Description":null,"Content":{"paragraph":"Geri bildirim sürecinde, hem almak hem de vermek önemli becerilerdir.","list":"Geri bildirim gelişim fırsatı sunar; Olumlu geri bildirim motivasyon artırır; Yapıcı eleştiriler yol gösterici olur; Destekleyici yaklaşım önemlidir"},"NarrationText":"Geri bildirim sürecinde, hem almak hem de vermek önemli becerilerdir. Geri bildirim, doğru bir şekilde sunulduğunda gelişim ve öğrenme için önemli bir fırsat yaratır. Olumlu ve destekleyici geri bildirimler, motivasyonu artırırken, yapıcı eleştiriler ise gelişim için yol gösterici olur.","Images":[{"ImagePrompt":"giving receiving feedback teamwork","ImageSize":"W1024xH1792","ImageUrl":"https://localhost/ContentFiles/IdealStudioFiles/AI_Section_25-577ad5f8-af9a-4c94-919b-290702d439ad.png","IsSuccess":false,"ErrorMessage":null}],"YoutubeUrl":null,"AudioDuration":19,"SpeechAudioUrl":"https://localhost/ContentFiles/IdealStudioFiles/AI_Section_25_59806e37-958a-4b9c-920e-2a62571d2dfa.mp3","SpeechFileName":"AI_Section_25_59806e37-958a-4b9c-920e-2a62571d2dfa.mp3","RelevantDocumentPart":null},{"PageStyle":21,"YoutubeSearchKeyword":null,"Index":26,"Title":"Etkin Dinlemede Konsantrasyonun Rolü","Description":null,"Content":{"paragraph1":"Etkin dinleme esnasında dikkat ve konsantrasyon, mesajın tam olarak anlaşılması için kritiktir.","paragraph2":"Konsantre olmak, karşı tarafın söylediklerine odaklanmayı ve mesajı tam anlamıyla kavramayı sağlar.","paragraph3":"Bu süreçte, dikkat dağıtıcı unsurlardan uzak durmak etkin dinleme kalitesini yükseltir."},"NarrationText":"Etkin dinleme esnasında dikkat ve konsantrasyon, mesajın tam olarak anlaşılması için kritiktir. Konsantre olmak, karşı tarafın söylediklerine odaklanmayı ve mesajı tam anlamıyla kavramayı sağlar. Bu süreçte, dikkat dağıtıcı unsurlardan uzak durmak etkin dinleme kalitesini yükseltir.","Images":[{"ImagePrompt":"concentration active listening focus","ImageSize":"W1024xH1792","ImageUrl":"https://localhost/ContentFiles/IdealStudioFiles/AI_Section_26-aec6c052-2956-469b-88a7-362dabfb0ba0.png","IsSuccess":false,"ErrorMessage":null}],"YoutubeUrl":null,"AudioDuration":19,"SpeechAudioUrl":"https://localhost/ContentFiles/IdealStudioFiles/AI_Section_26_f4900edf-b7cf-40f0-bcfd-a2788e7d4988.mp3","SpeechFileName":"AI_Section_26_f4900edf-b7cf-40f0-bcfd-a2788e7d4988.mp3","RelevantDocumentPart":null},{"PageStyle":30,"YoutubeSearchKeyword":null,"Index":27,"Title":"Sözlü ve Sözel Olmayan Mesajların Uyumu","Description":null,"Content":{"list":"Etkili iletişimde sözlü ve sözel olmayan mesajların uyumu gerekir; Tutarsız mesajlar iletişimde yanlış anlamalara yol açabilir"},"NarrationText":"Etkili iletişimde, sözlü ve sözel olmayan mesajların birbiriyle uyumlu olması gerekir. Beden dili, yüz ifadeleri ve ses tonunun söylediklerimize paralel olması, iletişimin karşı tarafta oluşturacağı etkiyi artırır. Tutarsız mesajlar, iletişimde güvensizlik ve yanlış anlamalara yol açabilir.","Images":[{"ImagePrompt":"verbal nonverbal communication synergy","ImageSize":"W1792xH1024","ImageUrl":"https://localhost/ContentFiles/IdealStudioFiles/AI_Section_27-8dd4d54a-9e51-46b6-ae3c-b2fa268f73fe.png","IsSuccess":false,"ErrorMessage":null}],"YoutubeUrl":null,"AudioDuration":20,"SpeechAudioUrl":"https://localhost/ContentFiles/IdealStudioFiles/AI_Section_27_a4197a37-a735-4fad-94a1-b64646e255a9.mp3","SpeechFileName":"AI_Section_27_a4197a37-a735-4fad-94a1-b64646e255a9.mp3","RelevantDocumentPart":null},{"PageStyle":28,"YoutubeSearchKeyword":null,"Index":28,"Title":"Diksiyon ve Dil Kullanımının İletişime Etkisi","Description":null,"Content":{"list":"Diksiyon konuşmanın kalitesini artırır; Açıklık ve tonlama anlamı güçlendirir; Etkili kelime seçimi önemlidir; Netlik iletişim başarısını kolaylaştırır"},"NarrationText":"Diksiyon yani doğru ve etkili şekilde konuşma, iletişimin kalitesini artırır. Açıklık, vurgu, tonlama ve seçilen kelimeler, mesajın anlamını güçlendirir. Etkili dil kullanımı, anlatılanların net ve anlaşılır olmasını sağlar, bu da iletişim süreçlerinde başarıya ulaşmayı kolaylaştırır.","Images":[{"ImagePrompt":"speech diction language communication","ImageSize":"W1024xH1792","ImageUrl":"https://localhost/ContentFiles/IdealStudioFiles/AI_Section_28-9f542597-e0e2-4688-aa6e-4a0c7fa396c2.png","IsSuccess":false,"ErrorMessage":null}],"YoutubeUrl":null,"AudioDuration":20,"SpeechAudioUrl":"https://localhost/ContentFiles/IdealStudioFiles/AI_Section_28_58a32fd1-9116-4475-8b73-47e5c92b6abe.mp3","SpeechFileName":"AI_Section_28_58a32fd1-9116-4475-8b73-47e5c92b6abe.mp3","RelevantDocumentPart":null},{"PageStyle":10,"YoutubeSearchKeyword":null,"Index":29,"Title":"Açıklık ve Yapılandırılmış Anlatım","Description":null,"Content":{"paragraph1":"Mesajlarımızı açık, net ve belli bir yapıda sunmak, karşı tarafın bizi doğru anlamasını sağlar.","paragraph2":"Yapılandırılmış anlatımda giriş, gelişme ve sonuç bölümleri ile anlatacaklarımızı düzenlemek önemlidir. Bu yaklaşım, anlatılan bilginin kalıcı ve anlaşılır olmasına yardımcı olur."},"NarrationText":"Mesajlarımızı açık, net ve belli bir yapıda sunmak, karşı tarafın bizi doğru anlamasını sağlar. Yapılandırılmış anlatımda giriş, gelişme ve sonuç bölümleri ile anlatacaklarımızı düzenlemek önemlidir. Bu yaklaşım, anlatılan bilginin kalıcı ve anlaşılır olmasına yardımcı olur.","Images":[{"ImagePrompt":"clear structured presentation explanation","ImageSize":"W1024xH1792","ImageUrl":"https://localhost/ContentFiles/IdealStudioFiles/AI_Section_29-4f3240d6-c8e8-49d0-9cea-a67350b810f5.png","IsSuccess":false,"ErrorMessage":null}],"YoutubeUrl":null,"AudioDuration":19,"SpeechAudioUrl":"https://localhost/ContentFiles/IdealStudioFiles/AI_Section_29_48fa6ef8-1f4a-4788-bb16-876fcf04ea64.mp3","SpeechFileName":"AI_Section_29_48fa6ef8-1f4a-4788-bb16-876fcf04ea64.mp3","RelevantDocumentPart":null},{"PageStyle":10,"YoutubeSearchKeyword":null,"Index":30,"Title":"Aktif Dinlemede Soru Sorma Teknikleri","Description":null,"Content":{"paragraph1":"Aktif dinlemede sorular sormak, karşı tarafın mesajını daha iyi anlamamıza yardımcı olur.","paragraph2":"Açık uçlu ve açıklayıcı sorular, konuşmanın derinleşmesini sağlar. Bu teknik, yanlış anlamaları önler ve iletişimde iki tarafın da paydaş olmasını destekler."},"NarrationText":"Aktif dinlemede sorular sormak, karşı tarafın mesajını daha iyi anlamamıza yardımcı olur. Açık uçlu ve açıklayıcı sorular, konuşmanın derinleşmesini sağlar. Bu teknik, yanlış anlamaları önler ve iletişimde iki tarafın da paydaş olmasını destekler.","Images":[{"ImagePrompt":"active listening questioning technique","ImageSize":"W1024xH1792","ImageUrl":"https://localhost/ContentFiles/IdealStudioFiles/AI_Section_30-88878d54-bd0c-4a84-bbdd-803f60596429.png","IsSuccess":false,"ErrorMessage":null}],"YoutubeUrl":null,"AudioDuration":17,"SpeechAudioUrl":"https://localhost/ContentFiles/IdealStudioFiles/AI_Section_30_519b602a-f260-4f94-9a29-067977c9602f.mp3","SpeechFileName":"AI_Section_30_519b602a-f260-4f94-9a29-067977c9602f.mp3","RelevantDocumentPart":null},{"PageStyle":29,"YoutubeSearchKeyword":null,"Index":31,"Title":"İletişimde Ses Tonu ve Vurgunun Rolü","Description":null,"Content":{"list":"Ses tonu ve vurgu, mesajın anlamını değiştirir; Duygular çoğunlukla ses tonu üzerinden iletilir; Şiddete, tonlamaya dikkat etmek gerekir; Etkili iletişim için vurgu önemlidir"},"NarrationText":"Ses tonu ve vurgu, aynı kelime veya cümlenin farklı anlamlar kazanmasını sağlar. Duyguların karşı tarafa iletilmesi, çoğunlukla ses tonu ve vurgu üzerinden gerçekleşir. Etkili bir iletişim için, sesimizin şiddetine, tonlamasına ve vurgularımıza dikkat etmek gerekir.","Images":[{"ImagePrompt":"tone emphasis speaking voice","ImageSize":"W1024xH1024","ImageUrl":"https://localhost/ContentFiles/IdealStudioFiles/AI_Section_31-9d50b906-5884-4881-9457-f2ff74f1b9dc.png","IsSuccess":false,"ErrorMessage":null},{"ImagePrompt":"intonation speech communication","ImageSize":"W1024xH1024","ImageUrl":"https://localhost/ContentFiles/IdealStudioFiles/AI_Section_31-55e94da4-408a-475a-b134-ae4d6b908a1c.png","IsSuccess":false,"ErrorMessage":null}],"YoutubeUrl":null,"AudioDuration":18,"SpeechAudioUrl":"https://localhost/ContentFiles/IdealStudioFiles/AI_Section_31_f2381b78-b73d-47b0-b87d-70d9464f9257.mp3","SpeechFileName":"AI_Section_31_f2381b78-b73d-47b0-b87d-70d9464f9257.mp3","RelevantDocumentPart":null},{"PageStyle":8,"YoutubeSearchKeyword":null,"Index":32,"Title":"İletişimde Göz Teması ve Beden Dili","Description":null,"Content":{"paragraph1":"Göz teması, iletişimde güven ve samimiyetin göstergesidir.","paragraph2":"Beden dili konuşmanın anlamını pekiştirir ve sözel olmayan öğeler iletişimi destekler. Doğru beden dili kullanımı mesajın karşıya net ve anlaşılır ulaşmasını kolaylaştırır."},"NarrationText":"Göz teması, iletişimde güven ve samimiyetin göstergesidir. Beden dili ise, konuşmanın anlamını pekiştirici bir rol üstlenir. Yüz ifadeleri, jestler ve duruş gibi sözel olmayan öğeler, söylenenleri destekleyerek iletişimin etkili olmasını sağlar. Doğru beden dili kullanımı, mesajın karşıya net ve anlaşılır ulaşmasını kolaylaştırır.","Images":[{"ImagePrompt":"eye contact body language communication","ImageSize":"W1024xH1024","ImageUrl":"https://localhost/ContentFiles/IdealStudioFiles/AI_Section_32-5a2dde3e-8326-4882-9346-a950ecbe0c4d.png","IsSuccess":false,"ErrorMessage":null}],"YoutubeUrl":null,"AudioDuration":23,"SpeechAudioUrl":"https://localhost/ContentFiles/IdealStudioFiles/AI_Section_32_791464e1-9664-43b6-bef5-f3fa907918cc.mp3","SpeechFileName":"AI_Section_32_791464e1-9664-43b6-bef5-f3fa907918cc.mp3","RelevantDocumentPart":null},{"PageStyle":28,"YoutubeSearchKeyword":null,"Index":33,"Title":"İş Yaşamında Takım Çalışması ve İletişim","Description":null,"Content":{"list":"Takım çalışmasında iletişim, grup hedeflerinin başarılması için temel güçtür.;Açık ve etkili iletişim, ekip üyeleri arasında güven oluşturur.;Bilgi paylaşımı ve karşılıklı anlayış üretkenliği artırır.;İş birliği sayesinde iş tatmini yükselir."},"NarrationText":"Takım çalışmasında iletişim, grup hedeflerinin başarılması için temel güçtür. Açık ve etkili iletişim ortamı, takım üyeleri arasında güven oluşturur ve iş birliğini artırır. Etkin bilgi paylaşımı ve karşılıklı anlayış, hem üretkenliği hem de iş tatminini yükseltir.","Images":[{"ImagePrompt":"teamwork communication business office","ImageSize":"W1024xH1792","ImageUrl":"https://localhost/ContentFiles/IdealStudioFiles/AI_Section_33-ee030f02-4aed-475f-9f52-b839c9c32955.png","IsSuccess":false,"ErrorMessage":null}],"YoutubeUrl":null,"AudioDuration":18,"SpeechAudioUrl":"https://localhost/ContentFiles/IdealStudioFiles/AI_Section_33_d9e478b3-c283-46dd-ab51-5fb46f374354.mp3","SpeechFileName":"AI_Section_33_d9e478b3-c283-46dd-ab51-5fb46f374354.mp3","RelevantDocumentPart":null},{"PageStyle":15,"YoutubeSearchKeyword":null,"Index":34,"Title":"Liderlik ve İletişim Becerileri","Description":null,"Content":{"paragraph":"Başarılı liderler, güçlü iletişim becerileriyle öne çıkar.","list":"Liderler takımlarını motive eder ve yönlendirir.;Açık, tutarlı ve empatik iletişim kurarlar.;Etkili iletişim vizyonun paylaşılmasını kolaylaştırır."},"NarrationText":"Başarılı liderler, güçlü iletişim becerileriyle öne çıkar. Takımını yönlendiren, motive eden ve ilham veren liderler, açık, tutarlı ve empatik bir iletişim kurarlar. Liderlikte etkili iletişim, vizyonun paylaşılmasını ve ortak hedeflere ulaşılmasını kolaylaştırır.","Images":[{"ImagePrompt":"leadership communication skills motivation","ImageSize":"W1024xH1792","ImageUrl":"https://localhost/ContentFiles/IdealStudioFiles/AI_Section_34-c888846f-daeb-4251-a708-8071396ac65b.png","IsSuccess":false,"ErrorMessage":null}],"YoutubeUrl":null,"AudioDuration":18,"SpeechAudioUrl":"https://localhost/ContentFiles/IdealStudioFiles/AI_Section_34_c93574ae-4f13-4682-948b-9ac78ede8279.mp3","SpeechFileName":"AI_Section_34_c93574ae-4f13-4682-948b-9ac78ede8279.mp3","RelevantDocumentPart":null},{"PageStyle":2,"YoutubeSearchKeyword":null,"Index":35,"Title":"Müşteri İlişkilerinde Etkili İletişim","Description":null,"Content":{"subtitle":"Müşteri İlişkilerinde İletişimin Temel Rolü","paragraph1":"Müşteri ilişkilerinde etkili iletişim, güven ve sadakat oluşturmanın anahtarıdır.","paragraph2":"Açık bilgi akışı ve müşteri ihtiyaçlarını anlamak, uzun vadeli iş ilişkilerini güçlendirir; bu da müşteri memnuniyetini ve bağlılığını artırır."},"NarrationText":"Müşteri ilişkilerinde etkili iletişim, güven ve sadakat oluşturmanın anahtarıdır. Doğru ve açık bilgi aktarmak, müşteri ihtiyaçlarını anlayarak uygun çözümler geliştirmek, uzun vadeli iş ilişkilerini güçlendirir. Bu beceri sayesinde müşteri memnuniyeti ve bağlılığı artar.","Images":[{"ImagePrompt":"customer communication trust loyalty","ImageSize":"W1024xH1024","ImageUrl":"https://localhost/ContentFiles/IdealStudioFiles/AI_Section_35-853d442b-1cce-4cb0-b37a-0469fec194a8.png","IsSuccess":false,"ErrorMessage":null}],"YoutubeUrl":null,"AudioDuration":18,"SpeechAudioUrl":"https://localhost/ContentFiles/IdealStudioFiles/AI_Section_35_b23c774d-263c-4410-b04b-bc8ac67b2dc1.mp3","SpeechFileName":"AI_Section_35_b23c774d-263c-4410-b04b-bc8ac67b2dc1.mp3","RelevantDocumentPart":null},{"PageStyle":28,"YoutubeSearchKeyword":null,"Index":36,"Title":"21. Yüzyıl İş Yaşamında İletişim Yetkinliği","Description":null,"Content":{"list":"İletişim yetkinliği günümüzde iş dünyasında kritik bir beceridir.;Şirketler, etkili iletişim becerisi olan çalışanları tercih eder.;Bu yetkinliğin geliştirilmesi için yatırımlar yapılır.;İyi iletişim rekabet avantajı ve sürdürülebilir başarı sağlar."},"NarrationText":"Günümüzde iletişim yetkinliği, iş dünyasında öne çıkan en temel becerilerden biridir. Şirketler, çalışanlarda etkili iletişim becerileri aramakta ve bu yetkinlikleri geliştirmek için yatırımlar yapmaktadır. İyi iletişim yetkinliği, rekabet avantajı ve sürdürülebilir başarı sağlar.","Images":[{"ImagePrompt":"communication skills modern business workplace","ImageSize":"W1024xH1792","ImageUrl":"https://localhost/ContentFiles/IdealStudioFiles/AI_Section_36-22fd420d-8118-4833-b828-6d84eb11df88.png","IsSuccess":false,"ErrorMessage":null}],"YoutubeUrl":null,"AudioDuration":19,"SpeechAudioUrl":"https://localhost/ContentFiles/IdealStudioFiles/AI_Section_36_356773d2-7082-4711-b3e1-6484dd92f813.mp3","SpeechFileName":"AI_Section_36_356773d2-7082-4711-b3e1-6484dd92f813.mp3","RelevantDocumentPart":null},{"PageStyle":21,"YoutubeSearchKeyword":null,"Index":37,"Title":"İletişim Becerilerinin Objektif Değerlendirilmesi","Description":null,"Content":{"paragraph1":"İletişim becerilerinin nesnel olarak değerlendirilmesi, gelişim sürecinin izlenmesi bakımından gereklidir.","paragraph2":"Standartlaştırılmış testler ve yapılandırılmış gözlemler, bireylerin güçlü ve gelişime açık yönlerini ortaya koyar.","paragraph3":"Nesnel değerlendirme, iletişim becerilerinin sürdürülebilir şekilde artırılmasına rehberlik eder."},"NarrationText":"İletişim becerilerinin nesnel olarak değerlendirilmesi, gelişim sürecinin izlenmesi bakımından gereklidir. Standartlaştırılmış testler ve yapılandırılmış gözlemler, bireylerin güçlü ve gelişime açık yönlerini ortaya koyar. Nesnel değerlendirme, iletişim becerilerinin sürdürülebilir şekilde artırılmasına rehberlik eder.","Images":[{"ImagePrompt":"assessment communication skills evaluation test","ImageSize":"W1024xH1792","ImageUrl":"https://localhost/ContentFiles/IdealStudioFiles/AI_Section_37-e6326f22-5f7b-4bbe-9f86-0585db02b9f1.png","IsSuccess":false,"ErrorMessage":null}],"YoutubeUrl":null,"AudioDuration":21,"SpeechAudioUrl":"https://localhost/ContentFiles/IdealStudioFiles/AI_Section_37_87036589-04f7-4378-a239-b078f8ac8ffb.mp3","SpeechFileName":"AI_Section_37_87036589-04f7-4378-a239-b078f8ac8ffb.mp3","RelevantDocumentPart":null},{"PageStyle":9,"YoutubeSearchKeyword":null,"Index":38,"Title":"Eğitimlerde Geri Bildirimin Önemi","Description":null,"Content":{"paragraph":"Etkili eğitimlerde, katılımcılara düzenli ve yapılandırılmış geri bildirim sunmak kritik önemdedir.","list":"Geri bildirim, bireyin beceri gelişimini güçlendirir.;Katılımcıların farkındalığını artırır.;Destekleyici geri bildirim öğrenmeyi pekiştirir.;Düzenli geri bildirim kalıcı değişimi sağlar."},"NarrationText":"Etkili eğitimlerde, katılımcılara düzenli ve yapılandırılmış geri bildirim sunmak kritik önemdedir. Geri bildirim, bireylerin beceri gelişimlerini fark etmelerini ve daha iyiye ulaşmalarını sağlar. Yönlendirici ve destekleyici geri bildirim, öğrenmenin pekişmesini ve kalıcı değişimin gerçekleşmesini sağlar.","Images":[{"ImagePrompt":"feedback training education improvement","ImageSize":"W1024xH1792","ImageUrl":"https://localhost/ContentFiles/IdealStudioFiles/AI_Section_38-7151889c-2949-465a-a902-913daee03d85.png","IsSuccess":false,"ErrorMessage":null}],"YoutubeUrl":null,"AudioDuration":20,"SpeechAudioUrl":"https://localhost/ContentFiles/IdealStudioFiles/AI_Section_38_5d8cd144-5a73-41bb-b41b-733ff141840a.mp3","SpeechFileName":"AI_Section_38_5d8cd144-5a73-41bb-b41b-733ff141840a.mp3","RelevantDocumentPart":null},{"PageStyle":10,"YoutubeSearchKeyword":null,"Index":39,"Title":"İletişim Eğitiminde Bilimsel Temeller ve Uygulama","Description":null,"Content":{"paragraph1":"Etkili iletişim eğitimlerinde, bilimsel teori ile uygulama bir arada yürütülür.","paragraph2":"Kavramsal modeller ve uygulamalı teknikler, iletişim becerilerinin gelişimini destekler ve katılımcıların gerçek yaşamda başarılı olmalarını sağlar."},"NarrationText":"Etkili iletişim eğitimlerinde, bilimsel teori ile uygulama bir arada yürütülür. Hem kavramsal modeller hem de uygulamalı teknikler, iletişim becerilerinin gelişimi için kullanılır. Bu bütüncül yaklaşım, eğitimin kalitesini artırırken, katılımcıların gerçek yaşamda başarılı olmalarına katkı sunar.","Images":[{"ImagePrompt":"communication training scientific theory practice","ImageSize":"W1024xH1792","ImageUrl":"https://localhost/ContentFiles/IdealStudioFiles/AI_Section_39-36049cc3-619e-471d-ad1f-fea68e9fdb9b.png","IsSuccess":false,"ErrorMessage":null}],"YoutubeUrl":null,"AudioDuration":20,"SpeechAudioUrl":"https://localhost/ContentFiles/IdealStudioFiles/AI_Section_39_c481fd7d-d90b-4de7-b739-b303bbe3aac6.mp3","SpeechFileName":"AI_Section_39_c481fd7d-d90b-4de7-b739-b303bbe3aac6.mp3","RelevantDocumentPart":null},{"PageStyle":8,"YoutubeSearchKeyword":null,"Index":40,"Title":"Sonuç ve Kapanış: Temel Öğrenimler","Description":null,"Content":{"paragraph1":"Bu eğitimde, hayatta başarılı olmak için etkili iletişimin temel bilimsel ve uygulamalı yönleri ele alındı.","paragraph2":"Edinilen bilgiler, mesleki ve sosyal yaşamda iletişimin vazgeçilmez rolünü göstermektedir."},"NarrationText":"Bu eğitimde, hayatta başarılı olmak için etkili iletişimin temel bilimsel ve uygulamalı yönleri, tarihsel ve teorik temelleri, kritik beceriler ile değerlendirme yöntemleri ele alındı. Edinilen bilgiler, bireysel, sosyal ve mesleki başarıya ulaşmada etkili iletişimin vazgeçilmezliğini bir kez daha göstermektedir.","Images":[{"ImagePrompt":"course summary communication key learnings","ImageSize":"W1024xH1024","ImageUrl":"https://localhost/ContentFiles/IdealStudioFiles/AI_Section_40-fde76678-96e4-4185-b3b2-4fc5938b14e0.png","IsSuccess":false,"ErrorMessage":null}],"YoutubeUrl":null,"AudioDuration":21,"SpeechAudioUrl":"https://localhost/ContentFiles/IdealStudioFiles/AI_Section_40_3df74cf6-b1e8-4389-bd12-2ed7e91371f4.mp3","SpeechFileName":"AI_Section_40_3df74cf6-b1e8-4389-bd12-2ed7e91371f4.mp3","RelevantDocumentPart":null},{"PageStyle":11,"YoutubeSearchKeyword":"Hayatta Başarılı Olmak İçin Etkili İletişim Eğitimi","Index":11,"Title":"Hayatta Başarılı Olmak İçin Etkili İletişim Eğitimi","Description":null,"Content":null,"NarrationText":null,"Images":null,"YoutubeUrl":"https://www.youtube.com/watch?v=nLHzBVnUUTg","AudioDuration":0,"SpeechAudioUrl":null,"SpeechFileName":null,"RelevantDocumentPart":null},{"PageStyle":12,"YoutubeSearchKeyword":null,"Index":41,"Title":"Question 1","Description":null,"Content":null,"NarrationText":null,"Images":null,"YoutubeUrl":null,"AudioDuration":8,"SpeechAudioUrl":"https://localhost/ContentFiles/IdealStudioFiles/1-41_ai_Questioned442289-c430-43d9-b139-127a3cd89355.mp3","SpeechFileName":"1-41_ai_Questioned442289-c430-43d9-b139-127a3cd89355.mp3","RelevantDocumentPart":null},{"PageStyle":13,"YoutubeSearchKeyword":null,"Index":42,"Title":"Question 2","Description":null,"Content":null,"NarrationText":null,"Images":null,"YoutubeUrl":null,"AudioDuration":6,"SpeechAudioUrl":"https://localhost/ContentFiles/IdealStudioFiles/1-42_ai_Question0b63cc15-1ed9-45ba-af8d-03602a90560b.mp3","SpeechFileName":"1-42_ai_Question0b63cc15-1ed9-45ba-af8d-03602a90560b.mp3","RelevantDocumentPart":null},{"PageStyle":14,"YoutubeSearchKeyword":null,"Index":43,"Title":"Question 3","Description":null,"Content":null,"NarrationText":null,"Images":null,"YoutubeUrl":null,"AudioDuration":4,"SpeechAudioUrl":"https://localhost/ContentFiles/IdealStudioFiles/1-43_ai_Question28840e37-d04a-4575-a611-0d3cc1198eae.mp3","SpeechFileName":"1-43_ai_Question28840e37-d04a-4575-a611-0d3cc1198eae.mp3","RelevantDocumentPart":null},{"PageStyle":12,"YoutubeSearchKeyword":null,"Index":44,"Title":"Question 4","Description":null,"Content":null,"NarrationText":null,"Images":null,"YoutubeUrl":null,"AudioDuration":6,"SpeechAudioUrl":"https://localhost/ContentFiles/IdealStudioFiles/1-44_ai_Question86177c9a-6373-4f7b-8671-d724da5184ff.mp3","SpeechFileName":"1-44_ai_Question86177c9a-6373-4f7b-8671-d724da5184ff.mp3","RelevantDocumentPart":null},{"PageStyle":13,"YoutubeSearchKeyword":null,"Index":45,"Title":"Question 5","Description":null,"Content":null,"NarrationText":null,"Images":null,"YoutubeUrl":null,"AudioDuration":7,"SpeechAudioUrl":"https://localhost/ContentFiles/IdealStudioFiles/1-45_ai_Question258abda5-ea18-4298-9494-eeb27d23a3a0.mp3","SpeechFileName":"1-45_ai_Question258abda5-ea18-4298-9494-eeb27d23a3a0.mp3","RelevantDocumentPart":null},{"PageStyle":14,"YoutubeSearchKeyword":null,"Index":46,"Title":"Question 6","Description":null,"Content":null,"NarrationText":null,"Images":null,"YoutubeUrl":null,"AudioDuration":4,"SpeechAudioUrl":"https://localhost/ContentFiles/IdealStudioFiles/1-46_ai_Question5e7051b6-6d00-4ff4-bbae-5276d4b6f249.mp3","SpeechFileName":"1-46_ai_Question5e7051b6-6d00-4ff4-bbae-5276d4b6f249.mp3","RelevantDocumentPart":null},{"PageStyle":12,"YoutubeSearchKeyword":null,"Index":47,"Title":"Question 7","Description":null,"Content":null,"NarrationText":null,"Images":null,"YoutubeUrl":null,"AudioDuration":3,"SpeechAudioUrl":"https://localhost/ContentFiles/IdealStudioFiles/1-47_ai_Question312807e5-8d31-4354-81f7-04cd3b023641.mp3","SpeechFileName":"1-47_ai_Question312807e5-8d31-4354-81f7-04cd3b023641.mp3","RelevantDocumentPart":null},{"PageStyle":13,"YoutubeSearchKeyword":null,"Index":48,"Title":"Question 8","Description":null,"Content":null,"NarrationText":null,"Images":null,"YoutubeUrl":null,"AudioDuration":7,"SpeechAudioUrl":"https://localhost/ContentFiles/IdealStudioFiles/1-48_ai_Questionce8b6faf-7be3-4162-9a14-1d6b862e446f.mp3","SpeechFileName":"1-48_ai_Questionce8b6faf-7be3-4162-9a14-1d6b862e446f.mp3","RelevantDocumentPart":null},{"PageStyle":14,"YoutubeSearchKeyword":null,"Index":49,"Title":"Question 9","Description":null,"Content":null,"NarrationText":null,"Images":null,"YoutubeUrl":null,"AudioDuration":4,"SpeechAudioUrl":"https://localhost/ContentFiles/IdealStudioFiles/1-49_ai_Question7d9508c7-059f-475c-b87a-433637c0e7c3.mp3","SpeechFileName":"1-49_ai_Question7d9508c7-059f-475c-b87a-433637c0e7c3.mp3","RelevantDocumentPart":null},{"PageStyle":12,"YoutubeSearchKeyword":null,"Index":50,"Title":"Question 10","Description":null,"Content":null,"NarrationText":null,"Images":null,"YoutubeUrl":null,"AudioDuration":5,"SpeechAudioUrl":"https://localhost/ContentFiles/IdealStudioFiles/1-50_ai_Question7a7f98fd-af36-400b-ae71-bedf5dd8ad10.mp3","SpeechFileName":"1-50_ai_Question7a7f98fd-af36-400b-ae71-bedf5dd8ad10.mp3","RelevantDocumentPart":null},{"PageStyle":13,"YoutubeSearchKeyword":null,"Index":51,"Title":"Question 11","Description":null,"Content":null,"NarrationText":null,"Images":null,"YoutubeUrl":null,"AudioDuration":6,"SpeechAudioUrl":"https://localhost/ContentFiles/IdealStudioFiles/1-51_ai_Question6209f0ae-7f17-457c-b06b-7b42d0f67ccc.mp3","SpeechFileName":"1-51_ai_Question6209f0ae-7f17-457c-b06b-7b42d0f67ccc.mp3","RelevantDocumentPart":null},{"PageStyle":14,"YoutubeSearchKeyword":null,"Index":52,"Title":"Question 12","Description":null,"Content":null,"NarrationText":null,"Images":null,"YoutubeUrl":null,"AudioDuration":4,"SpeechAudioUrl":"https://localhost/ContentFiles/IdealStudioFiles/1-52_ai_Questionb5d9bc4a-d70f-4610-9aa2-99e84d181ec3.mp3","SpeechFileName":"1-52_ai_Questionb5d9bc4a-d70f-4610-9aa2-99e84d181ec3.mp3","RelevantDocumentPart":null},{"PageStyle":100,"YoutubeSearchKeyword":null,"Index":100,"Title":"Şimdi Sıra Sizde","Description":null,"Content":"\"%3Cp%20style=%22text-align:%20center;%22%3E%3Cspan%20style=%22font-size:2.857142857142857em;%22%3E%3Cspan%20style=%22color:#ffffff;%22%3E%3Cspan%20style=%22font-family:Alata,sans-serif;%22%3E%C5%9Eimdi%20%3C/span%3E%3C/span%3E%3C/span%3E%3C/p%3E%0A%0A%3Cp%20style=%22text-align:%20center;%22%3E%C2%A0%3C/p%3E%0A%0A%3Cp%20style=%22text-align:%20center;%22%3E%3Cspan%20style=%22font-size:2.857142857142857em;%22%3E%3Cspan%20style=%22color:#ffffff;%22%3E%3Cspan%20style=%22font-family:Alata,sans-serif;%22%3ES%C4%B1ra%20Sizde%3C/span%3E%3C/span%3E%3C/span%3E%3C/p%3E%0A\"","NarrationText":null,"Images":null,"YoutubeUrl":null,"AudioDuration":2,"SpeechAudioUrl":"https://localhost/ContentFiles/IdealStudioFiles/AI_Section_100_9947ddb1-9f26-43bc-9abd-f9227b8d5651.mp3","SpeechFileName":"AI_Section_100_9947ddb1-9f26-43bc-9abd-f9227b8d5651.mp3","RelevantDocumentPart":null},{"PageStyle":101,"YoutubeSearchKeyword":null,"Index":101,"Title":"Tebrikler, Eğitimi Tamamladınız","Description":null,"Content":"\"%3Cp%20style=%22text-align:%20center;%22%3E%3Cspan%20style=%22color:#ffffff;%22%3E%3Cspan%20style=%22font-size:2.5em;%22%3E%3Cspan%20style=%22font-family:Alata,sans-serif;%22%3E%3Cstrong%3ETebrikler,%20E%C4%9Fitimi%20Tamamlad%C4%B1n%C4%B1z%3C/strong%3E%3C/span%3E%3C/span%3E%3C/span%3E%3C/p%3E%0A\"","NarrationText":null,"Images":null,"YoutubeUrl":null,"AudioDuration":3,"SpeechAudioUrl":"https://localhost/ContentFiles/IdealStudioFiles/AI_Section_101_f40b3847-5917-4665-a1ef-bedae3d58a20.mp3","SpeechFileName":"AI_Section_101_f40b3847-5917-4665-a1ef-bedae3d58a20.mp3","RelevantDocumentPart":null}],"GeneralQuiz":[{"Index":41,"Type":0,"Question":"Etkili iletişim sürecinde hangi özellik, mesajın net ve anlaşılır iletilmesini sağlayan temel unsurlardan biridir?","Options":["Yüksek sesle konuşmak","Tek taraflı iletişim kurmak","Sözcük seçimi, açıklık ve yapılandırılmış anlatım","Duyguları gizlemek"],"CorrectAnswers":["Sözcük seçimi, açıklık ve yapılandırılmış anlatım"],"Statements":null,"IsSuccess":true,"ErrorMessage":null},{"Index":42,"Type":1,"Question":"Aşağıdakilerden hangileri etkili iletişimde aktif dinlemenin temel unsurlarıdır?","Options":["Geri bildirim vererek dinlemek","Empati göstermek","Açıklayıcı ve onaylayıcı sorular sormak","Konuşmayı kesmek"],"CorrectAnswers":["Geri bildirim vererek dinlemek","Açıklayıcı ve onaylayıcı sorular sormak"],"Statements":null,"IsSuccess":true,"ErrorMessage":null},{"Index":43,"Type":2,"Question":"Aşağıdaki ifadelerin Doğru mu Yanlış mı olduğuna karar verin","Options":null,"CorrectAnswers":null,"Statements":[{"Statement":"Sözel olmayan iletişim sadece beden dili ile sınırlıdır.","Answer":"False"},{"Statement":"Empatik iletişim, karşılıklı anlayış ve güveni artırır.","Answer":"True"},{"Statement":"Etkin dinleme sırasında dikkat dağıtıcı unsurların varlığı iletişimi güçlendirir.","Answer":"False"},{"Statement":"Shannon-Weaver modeli iletişimi tek yönlü bir süreç olarak tanımlar.","Answer":"True"}],"IsSuccess":true,"ErrorMessage":null},{"Index":44,"Type":0,"Question":"Transactional (Etkileşimsel) iletişim modeli için aşağıdakilerden hangisi yanlıştır?","Options":["İletişimin çift yönlü ve karşılıklı olduğunu savunur.","Gönderici ve alıcı rollerinin sürekli değiştiği dinamik bir süreçtir.","İletişim tek bir yönlü ve statik bir süreç olarak kabul edilir.","Taraflar aynı anda hem gönderici hem alıcı olabilir."],"CorrectAnswers":["İletişim tek bir yönlü ve statik bir süreç olarak kabul edilir."],"Statements":null,"IsSuccess":true,"ErrorMessage":null},{"Index":45,"Type":1,"Question":"Aşağıdakilerden hangileri iletişim becerilerinin objektif değerlendirilmesinde kullanılan yöntemlerdir?","Options":["Standartlaştırılmış testler","Modelleme","Yapılandırılmış gözlemler","Rastgele anketler"],"CorrectAnswers":["Standartlaştırılmış testler","Yapılandırılmış gözlemler"],"Statements":null,"IsSuccess":true,"ErrorMessage":null},{"Index":46,"Type":2,"Question":"Aşağıdaki ifadelerin Doğru mu Yanlış mı olduğuna karar verin","Options":null,"CorrectAnswers":null,"Statements":[{"Statement":"İletişimde vurgunun önemi yoktur; sadece sözcükler anlam taşır.","Answer":"False"},{"Statement":"Diksiyon, konuşmanın kalitesini artırır ve iletişimi güçlendirir.","Answer":"True"},{"Statement":"Geri bildirim verme sürecinde destekleyici yaklaşım önemsizdir.","Answer":"False"},{"Statement":"Çatışmalar iletişimin doğal bir parçasıdır ve doğru yönetildiğinde fayda sağlar.","Answer":"True"}],"IsSuccess":true,"ErrorMessage":null},{"Index":47,"Type":0,"Question":"İletişimde öz-farkındalığın önemi nedir?","Options":["Kişinin başkalarının düşüncelerini manipüle etmesini sağlar.","İletişimde sözel mesajların tamamen önemsiz olduğunu vurgular.","Kişinin kendini ve karşısındakini doğru değerlendirmesine olanak tanır.","Duyguların gizlenmesini teşvik eder."],"CorrectAnswers":["Kişinin kendini ve karşısındakini doğru değerlendirmesine olanak tanır."],"Statements":null,"IsSuccess":true,"ErrorMessage":null},{"Index":48,"Type":1,"Question":"Aşağıdakilerden hangileri iletişim becerilerini geliştirmek için uygulamalı eğitim teknikleri arasında yer alır?","Options":["Atölye çalışmaları","Vaka analizi","Grup tartışmaları","Teorik ders anlatımı"],"CorrectAnswers":["Atölye çalışmaları","Grup tartışmaları"],"Statements":null,"IsSuccess":true,"ErrorMessage":null},{"Index":49,"Type":2,"Question":"Aşağıdaki ifadelerin Doğru mu Yanlış mı olduğuna karar verin","Options":null,"CorrectAnswers":null,"Statements":[{"Statement":"İletişimde ses tonu ve vurgu mesajın anlamını değiştirmez.","Answer":"False"},{"Statement":"İletişimde göz teması güven ve samimiyetin göstergesidir.","Answer":"True"},{"Statement":"Sözel olmayan iletişim sadece yüz ifadeleri ile gerçekleşir.","Answer":"False"},{"Statement":"İyi bir lider iletişimde açık, tutarlı ve empatik olmalıdır.","Answer":"True"}],"IsSuccess":true,"ErrorMessage":null},{"Index":50,"Type":0,"Question":"Shannon-Weaver iletişim modelinde 'gürültü' kavramı neyi ifade eder?","Options":["Mesajın kaynağı","Mesajın gönderilme şekli","Mesajın alıcıya ulaşmasını engelleyen veya bozabilen faktörler","Alıcının mesajı kodlaması"],"CorrectAnswers":["Mesajın alıcıya ulaşmasını engelleyen veya bozabilen faktörler"],"Statements":null,"IsSuccess":true,"ErrorMessage":null},{"Index":51,"Type":1,"Question":"Etkili iletişim becerilerinin mesleki başarıdaki katkıları aşağıdakilerden hangileridir?","Options":["Takım çalışmasını desteklemesi","Liderlik yetkinliklerini geliştirmesi","Müşteri ilişkilerini güçlendirmesi","Teknik bilgi gereksiz hale getirmesi"],"CorrectAnswers":["Takım çalışmasını desteklemesi","Müşteri ilişkilerini güçlendirmesi"],"Statements":null,"IsSuccess":true,"ErrorMessage":null},{"Index":52,"Type":2,"Question":"Aşağıdaki ifadelerin Doğru mu Yanlış mı olduğuna karar verin","Options":null,"CorrectAnswers":null,"Statements":[{"Statement":"Rol yapma tekniği, iletişim becerilerinin öğrenilmesinde pasif bir yöntemdir.","Answer":"False"},{"Statement":"Bilişsel davranışçı yaklaşım, iletişimde bireyin öz farkındalığını geliştirmeye odaklanır.","Answer":"True"},{"Statement":"Interaktif oyunlar, iletişim eğitiminde öğrenmeyi sıkıcı hale getirir.","Answer":"False"},{"Statement":"İletişim becerilerinde modelleme, başarılı davranışların taklit edilmesini içerir.","Answer":"True"}],"IsSuccess":true,"ErrorMessage":null}],"IsSuccess":true,"ErrorMessage":"","ThreadId":null,"FullDocumentText":null,"SummaryDocumentText":null}