{"CourseInfo":{"Title":"Hayatta Başarılı Olmak İçin \"Etkili İletişim\": Temel İlkeler ve Uygulamalar","Description":"Bu eğitim, etkili iletişimin temel bileşenleri, tarihsel ve teorik arka planı, anahtar kavramları ve hayatta başarıya katkıları üzerine kapsamlı bilgiler sunar. Kurs sonunda katılımcılar, iletişim sürecinin tüm boyutlarını bilimsel perspektifle kavrayacak ve etkili iletişim becerilerini tanımlayabilecektir.","Objective":null,"TargetAudience":null,"CourseImageUrl":"https://localhost/ContentFiles/IdealStudioFiles/1-ai-CourseCoverImage-5fb2b643-3302-455e-acb7-05ef92a64603.png","AudioDuration":5,"SpeechAudioUrl":"https://localhost/ContentFiles/IdealStudioFiles/1-ai-CourseCoverSpeech-d398ab8e-a276-4d2b-9cda-986f3abfcc25.mp3","SpeechFileName":"1-ai-CourseCoverSpeech-d398ab8e-a276-4d2b-9cda-986f3abfcc25.mp3"},"Sections":[{"PageStyle":26,"YoutubeSearchKeyword":null,"Index":1,"Title":"Giriş: Etkili İletişimin Gücü","Description":null,"Content":{"paragraph":"Etkili iletişim, bilgi, düşünce, duygu ve niyetlerimizi başkalarına açık ve anlaşılır biçimde aktarabilme yeteneğidir. Araştırmalar, bu becerinin hem bireysel hem de mesleki başarıda temel bir rol oynadığını göstermektedir. Bu eğitimde, etkili iletişimin temel bileşenlerini, tarihsel ve teorik temelini, uygulamada gerekli anahtar yeterlilikleri ve hayatta başarıya olan katkılarını kapsamlı bir şekilde inceleyeceğiz."},"NarrationText":"Etkili iletişim, bilgi, düşünce, duygu ve niyetlerimizi başkalarına açık ve anlaşılır biçimde aktarabilme yeteneğidir. Araştırmalar, bu becerinin hem bireysel hem de mesleki başarıda temel bir rol oynadığını göstermektedir. Bu eğitimde, etkili iletişimin temel bileşenlerini, tarihsel ve teorik temelini, uygulamada gerekli anahtar yeterlilikleri ve hayatta başarıya olan katkılarını kapsamlı bir şekilde inceleyeceğiz.","Images":[],"YoutubeUrl":null,"AudioDuration":26,"SpeechAudioUrl":"https://localhost/ContentFiles/IdealStudioFiles/AI_Section_1_f8da5d64-5967-4636-b623-b4554fe64bd2.mp3","SpeechFileName":"AI_Section_1_f8da5d64-5967-4636-b623-b4554fe64bd2.mp3","RelevantDocumentPart":null},{"PageStyle":21,"YoutubeSearchKeyword":null,"Index":2,"Title":"Etkili İletişimin Temel Bileşenleri","Description":null,"Content":{"paragraph1":"Etkili iletişimde; kaynak, mesaj, kanal, alıcı, geri bildirim ve gürültü olmak üzere altı temel unsur bulunur.","paragraph2":"Kaynak, mesajı oluşturan kişi; alıcı ise mesajı alan kişidir. Mesaj, bilgi veya duygudur.","paragraph3":"Kanal ise iletinin aktarıldığı yoldur. Alıcının mesajı algılama kapasitesi ve geri bildirim iletişimin başarısını etkilerken, gürültü denilen çeşitli etkenler bu süreci zorlaştırabilir."},"NarrationText":"Etkili iletişimde; kaynak, mesaj, kanal, alıcı, geri bildirim ve gürültü olmak üzere altı temel unsur bulunur. Kaynak, mesajı oluşturan kişi; alıcı ise mesajı alan kişidir. Mesaj, bilgi veya duygudur. Kanal ise iletinin aktarıldığı yoldur. Alıcının mesajı algılama kapasitesi ve geri bildirim iletişimin başarısını etkilerken, gürültü denilen çeşitli etkenler bu süreci zorlaştırabilir.","Images":[{"ImagePrompt":"communication process diagram elements","ImageSize":"W1024xH1792","ImageUrl":"https://localhost/ContentFiles/IdealStudioFiles/AI_Section_2-e375bc84-39d7-44f8-b1d5-95f4c90f66af.png","IsSuccess":false,"ErrorMessage":null}],"YoutubeUrl":null,"AudioDuration":26,"SpeechAudioUrl":"https://localhost/ContentFiles/IdealStudioFiles/AI_Section_2_74d9bcf7-c90d-43d5-9c97-3c22cd836d29.mp3","SpeechFileName":"AI_Section_2_74d9bcf7-c90d-43d5-9c97-3c22cd836d29.mp3","RelevantDocumentPart":null},{"PageStyle":4,"YoutubeSearchKeyword":null,"Index":3,"Title":"İletişim Modelleri ve Teorik Temeller","Description":null,"Content":{"paragraph":"Shannon-Weaver Modeli, iletişimi kaynak, mesaj, kanal ve alıcı üzerinden doğrusal bir süreç olarak tanımlar.","list":"Osgood-Schramm Modeli çift yönlü ve etkileşimli iletişimi vurgular;Geri bildirime önem verir;Simge etkileşimcilik iletişimde toplumsal anlam üretimine odaklanır;Transaksiyonel analiz bireyler arası iletişim dinamiklerini inceler"},"NarrationText":"Shannon-Weaver Modeli, iletişimi kaynak, mesaj, kanal ve alıcı üzerinden doğrusal bir süreç olarak tanımlar. Sonraki Osgood-Schramm Modeli, iletişimin çift yönlü ve etkileşimli bir süreç olduğunu vurgular; geri bildirime önem verir. Ayrıca simge etkileşimcilik ve transaksiyonel analiz gibi teoriler, iletişimde toplumsal anlam üretimini ve bireyler arası dinamikleri incelemektedir.","Images":[{"ImagePrompt":"communication theory models illustration","ImageSize":"W1792xH1024","ImageUrl":"https://localhost/ContentFiles/IdealStudioFiles/AI_Section_3-39ef7bc9-d8aa-4946-bc9e-6994e7e4960b.png","IsSuccess":false,"ErrorMessage":null}],"YoutubeUrl":null,"AudioDuration":24,"SpeechAudioUrl":"https://localhost/ContentFiles/IdealStudioFiles/AI_Section_3_9e0e9294-f896-4f34-b9eb-1a4eaaba0263.mp3","SpeechFileName":"AI_Section_3_9e0e9294-f896-4f34-b9eb-1a4eaaba0263.mp3","RelevantDocumentPart":null},{"PageStyle":28,"YoutubeSearchKeyword":null,"Index":4,"Title":"Temel Yeterlilikler ve \"İletişim\" Engelleri","Description":null,"Content":{"list":"Aktif dinleme ve empati önemli yeterliliklerdir;Sözsüz iletişim için yüz ifadesi ve beden dili önemlidir;Dil ve anlam yönetimi mesajın etkili aktarılmasını sağlar;Algı ve dil bariyerleri iletişimde engeldir"},"NarrationText":"Aktif dinleme ve empati, iletişimi güçlendiren anahtar yeterliliklerdir. Sözsüz iletişim, kelimeler dışında yüz ifadesi, beden dili ve jestlerle mesajın iletilmesini sağlar. Dil ve anlam yönetimi, kavramların hedef kitleye uygun sunulmasını gerektirir. Kültürel yeterlilik ise, farklı kültürlere uygun stratejiler geliştirilmesini kapsar. Algısal farklılıklar ve dil bariyerleri iletişimin önünde engel oluşturabilir.","Images":[{"ImagePrompt":"active listening empathy nonverbal cues","ImageSize":"W1024xH1792","ImageUrl":"https://localhost/ContentFiles/IdealStudioFiles/AI_Section_4-9517584a-b47c-4ab5-b10b-4ca22bdfa11e.png","IsSuccess":false,"ErrorMessage":null}],"YoutubeUrl":null,"AudioDuration":27,"SpeechAudioUrl":"https://localhost/ContentFiles/IdealStudioFiles/AI_Section_4_259bf8b6-cf24-488b-8104-468ffad4d802.mp3","SpeechFileName":"AI_Section_4_259bf8b6-cf24-488b-8104-468ffad4d802.mp3","RelevantDocumentPart":null},{"PageStyle":10,"YoutubeSearchKeyword":null,"Index":5,"Title":"Etkili İletişimin Hayatta Başarıya Katkısı","Description":null,"Content":{"paragraph1":"Etkili iletişim; kişilerarası ilişkilerde uyum ve liderliği pekiştirir, mesleki hayatta yüksek performans ve iş tatmini sağlar, psikolojik sağlığı destekler.","paragraph2":"Öz farkındalık ve stres yönetimine olumlu katkıda bulunur. Bilimsel veriler, iletişim yetkinliğinin sosyal ve mesleki başarıya doğrudan etki ettiğini göstermektedir. Bu çok boyutlu yapı, etkili iletişimi her alanda vazgeçilmez kılar."},"NarrationText":"Etkili iletişim; kişilerarası ilişkilerde uyum ve liderliği pekiştirir, mesleki hayatta yüksek performans ve iş tatmini sağlar, psikolojik sağlığı destekler. Öz farkındalık ve stres yönetimine olumlu katkıda bulunur. Bilimsel veriler, iletişim yetkinliğinin sosyal ve mesleki başarıya doğrudan etki ettiğini göstermektedir. Bu çok boyutlu yapı, etkili iletişimi her alanda vazgeçilmez kılar.","Images":[{"ImagePrompt":"professional success teamwork communication","ImageSize":"W1024xH1792","ImageUrl":"https://localhost/ContentFiles/IdealStudioFiles/AI_Section_5-43e0135a-e46b-4f7c-9ba3-627cd1e953a6.png","IsSuccess":false,"ErrorMessage":null}],"YoutubeUrl":null,"AudioDuration":25,"SpeechAudioUrl":"https://localhost/ContentFiles/IdealStudioFiles/AI_Section_5_1289acae-7089-421b-8f37-f6eec7a482e0.mp3","SpeechFileName":"AI_Section_5_1289acae-7089-421b-8f37-f6eec7a482e0.mp3","RelevantDocumentPart":null},{"PageStyle":12,"YoutubeSearchKeyword":null,"Index":6,"Title":"Question 1","Description":null,"Content":null,"NarrationText":null,"Images":null,"YoutubeUrl":null,"AudioDuration":7,"SpeechAudioUrl":"https://localhost/ContentFiles/IdealStudioFiles/1-6_ai_Question4c164d4c-c860-4a59-9ebb-16cb3d1470c8.mp3","SpeechFileName":"1-6_ai_Question4c164d4c-c860-4a59-9ebb-16cb3d1470c8.mp3","RelevantDocumentPart":null},{"PageStyle":13,"YoutubeSearchKeyword":null,"Index":7,"Title":"Question 2","Description":null,"Content":null,"NarrationText":null,"Images":null,"YoutubeUrl":null,"AudioDuration":5,"SpeechAudioUrl":"https://localhost/ContentFiles/IdealStudioFiles/1-7_ai_Question8d6e7c63-b163-4023-9347-368649bba554.mp3","SpeechFileName":"1-7_ai_Question8d6e7c63-b163-4023-9347-368649bba554.mp3","RelevantDocumentPart":null},{"PageStyle":100,"YoutubeSearchKeyword":null,"Index":100,"Title":"Şimdi Sıra Sizde","Description":null,"Content":"\"%3Cp%20style=%22text-align:%20center;%22%3E%3Cspan%20style=%22font-size:2.857142857142857em;%22%3E%3Cspan%20style=%22color:#ffffff;%22%3E%3Cspan%20style=%22font-family:Alata,sans-serif;%22%3E%C5%9Eimdi%20%3C/span%3E%3C/span%3E%3C/span%3E%3C/p%3E%0A%0A%3Cp%20style=%22text-align:%20center;%22%3E%C2%A0%3C/p%3E%0A%0A%3Cp%20style=%22text-align:%20center;%22%3E%3Cspan%20style=%22font-size:2.857142857142857em;%22%3E%3Cspan%20style=%22color:#ffffff;%22%3E%3Cspan%20style=%22font-family:Alata,sans-serif;%22%3ES%C4%B1ra%20Sizde%3C/span%3E%3C/span%3E%3C/span%3E%3C/p%3E%0A\"","NarrationText":null,"Images":null,"YoutubeUrl":null,"AudioDuration":2,"SpeechAudioUrl":"https://localhost/ContentFiles/IdealStudioFiles/AI_Section_100_8d310233-3293-48a6-a2bd-ceb81b1f7f71.mp3","SpeechFileName":"AI_Section_100_8d310233-3293-48a6-a2bd-ceb81b1f7f71.mp3","RelevantDocumentPart":null},{"PageStyle":101,"YoutubeSearchKeyword":null,"Index":101,"Title":"Tebrikler, Eğitimi Tamamladınız","Description":null,"Content":"\"%3Cp%20style=%22text-align:%20center;%22%3E%3Cspan%20style=%22color:#ffffff;%22%3E%3Cspan%20style=%22font-size:2.5em;%22%3E%3Cspan%20style=%22font-family:Alata,sans-serif;%22%3E%3Cstrong%3ETebrikler,%20E%C4%9Fitimi%20Tamamlad%C4%B1n%C4%B1z%3C/strong%3E%3C/span%3E%3C/span%3E%3C/span%3E%3C/p%3E%0A\"","NarrationText":null,"Images":null,"YoutubeUrl":null,"AudioDuration":3,"SpeechAudioUrl":"https://localhost/ContentFiles/IdealStudioFiles/AI_Section_101_5ad2185d-cd91-40e5-9d8d-8b5a5896bcb1.mp3","SpeechFileName":"AI_Section_101_5ad2185d-cd91-40e5-9d8d-8b5a5896bcb1.mp3","RelevantDocumentPart":null}],"GeneralQuiz":[{"Index":6,"Type":0,"Question":"Etkili iletişim sürecinde hangi unsur, mesajın doğruluğunu ve anlaşılır olmasını doğrudan etkileyen geri bildirime bağlıdır?","Options":["Kaynak","Mesaj","Alıcı","Kanal"],"CorrectAnswers":["Alıcı"],"Statements":null,"IsSuccess":true,"ErrorMessage":null},{"Index":7,"Type":1,"Question":"Aşağıdakilerden hangileri etkili iletişimin temel bileşenleri arasında yer alır?","Options":["Kaynak","Algı","Gürültü","Motivasyon"],"CorrectAnswers":["Kaynak","Gürültü"],"Statements":null,"IsSuccess":true,"ErrorMessage":null}],"IsSuccess":true,"ErrorMessage":"","ThreadId":null,"FullDocumentText":null,"SummaryDocumentText":null}