{"CourseInfo":{"Title":"Hayatta Başarılı Olmak İçin Etkili İletişim Eğitimi","Description":"Bu kurs, etkili iletişimin tanımı, temel bileşenleri, tarihsel ve teorik modelleri, kişilerarası ilişkiler, mesleki başarı ve kişisel gelişime katkıları ile geri bildirim, çatışma yönetimi, kültürlerarası iletişim gibi temel kavramları; ayrıca iletişim yeterliliklerinin ölçülmesi ve iletişim eğitim programlarının etkililiğine dair bilimsel bulguları kapsamlı ve detaylı biçimde aktarır.","Objective":null,"TargetAudience":null,"CourseImageUrl":"https://localhost/ContentFiles/IdealStudioFiles/1-ai-CourseCoverImage-7529498f-5a61-4544-8863-fd92352a75e4.png","AudioDuration":2,"SpeechAudioUrl":"https://localhost/ContentFiles/IdealStudioFiles/1-ai-CourseCoverSpeech-b04d5dd0-1e66-459a-a91e-f31b78d6c565.mp3","SpeechFileName":"1-ai-CourseCoverSpeech-b04d5dd0-1e66-459a-a91e-f31b78d6c565.mp3"},"Sections":[{"PageStyle":26,"YoutubeSearchKeyword":null,"Index":1,"Title":"Giriş: Hayatta Başarılı Olmak İçin Etkili İletişim","Description":null,"Content":{"paragraph":"Hayatta başarılı olmanın temel taşlarından biri etkili iletişim becerileridir."},"NarrationText":"Hayatta başarılı olmanın temel taşlarından biri etkili iletişim becerileridir. Duygu, düşünce ve bilgilerin karşı tarafa doğru ve açık şekilde aktarılması, karşılıklı anlayış ve işbirliği için gereklidir. Bu eğitimde, iletişimin temel bileşenlerini, tarihsel gelişimini, başarıya katkılarını ve etkili iletişim için önemli kavram ve teknikleri adım adım inceleyeceğiz.","Images":[],"YoutubeUrl":null,"AudioDuration":24,"SpeechAudioUrl":"https://localhost/ContentFiles/IdealStudioFiles/AI_Section_1_4b3f8add-9e3c-48a5-bd19-fd2c289ba440.mp3","SpeechFileName":"AI_Section_1_4b3f8add-9e3c-48a5-bd19-fd2c289ba440.mp3","RelevantDocumentPart":null},{"PageStyle":27,"YoutubeSearchKeyword":null,"Index":2,"Title":"Etkili İletişim Temelleri","Description":null,"Content":{"paragraph":"Etkili iletişim; sadece sözcüklerle değil, doğru mesajı tüm yönleriyle aktarabilmeyi gerektirir.","subtext1":"İletişim güçlü ilişkilerin temelidir.","subtext2":"Başarıya giden yolda iletişim bileşenlerini öğrenmek önemlidir."},"NarrationText":"Etkili iletişim; sadece sözcüklerle değil, doğru mesajı tüm yönleriyle aktarabilmeyi gerektirir. Akademik, mesleki ve sosyal alanlarda güçlü ilişkilerin temelinde yer alan iletişimin bileşenlerini anlamak, başarıya giden yolda önemli bir adımdır. Bu bölümde etkili iletişimin temel yapı taşlarını detaylandıracağız.","Images":[{"ImagePrompt":"effective communication basics","ImageSize":"W1024xH1792","ImageUrl":"https://localhost/ContentFiles/IdealStudioFiles/AI_Section_2-2a728d32-397a-4ebb-b24e-15dad18113a8.png","IsSuccess":false,"ErrorMessage":null}],"YoutubeUrl":null,"AudioDuration":20,"SpeechAudioUrl":"https://localhost/ContentFiles/IdealStudioFiles/AI_Section_2_e556b2f1-77d4-4184-ab87-aabf266f3d5e.mp3","SpeechFileName":"AI_Section_2_e556b2f1-77d4-4184-ab87-aabf266f3d5e.mp3","RelevantDocumentPart":null},{"PageStyle":15,"YoutubeSearchKeyword":null,"Index":3,"Title":"Sözlü İletişim","Description":null,"Content":{"paragraph":"Sözlü iletişim, konuşma ve işitsel yollarla mesajların aktarılması anlamına gelir.","list":"Diksiyon, tonlama, vurgu, kelime seçimi ve ses hızı mesajı etkiler.;En önemli özellik açık ve anlaşılır bir dil kullanmaktır.;Mesajın doğru şekilde ulaşması için netlik ve anlaşılırlık gerekir."},"NarrationText":"Sözlü iletişim, konuşma ve işitsel yollarla mesajların aktarılması anlamına gelir. Diksiyon, tonlama, vurgu, kelime seçimi ve sesin hızı; iletinin netliğini ve anlaşılabilirliğini doğrudan etkiler. Etkili konuşmanın en önemli özelliği, açık ve anlaşılır bir dil kullanılmasıdır. Böylece mesajınız karşı tarafa doğru şekilde ulaşır.","Images":[{"ImagePrompt":"verbal communication speech","ImageSize":"W1024xH1792","ImageUrl":"https://localhost/ContentFiles/IdealStudioFiles/AI_Section_3-e4f93881-d85f-4abb-a4b3-c73175d7c1af.png","IsSuccess":false,"ErrorMessage":null}],"YoutubeUrl":null,"AudioDuration":22,"SpeechAudioUrl":"https://localhost/ContentFiles/IdealStudioFiles/AI_Section_3_7046cfff-471e-4fc0-bfb4-bebea40db252.mp3","SpeechFileName":"AI_Section_3_7046cfff-471e-4fc0-bfb4-bebea40db252.mp3","RelevantDocumentPart":null},{"PageStyle":21,"YoutubeSearchKeyword":null,"Index":4,"Title":"Sözsüz İletişim","Description":null,"Content":{"paragraph1":"Sözsüz iletişim, kelimeler kullanılmadan, mimik, jest, beden dili, göz teması, duruş ve fiziksel mesafe gibi ögelerle mesaj iletmektir.","paragraph2":"İletişimin anlamının büyük bölümü sözsüz sinyallerle aktarılır.","paragraph3":"Beden dilinin doğru kullanımı iletişimde kilit rol oynar."},"NarrationText":"Sözsüz iletişim, kelimeler kullanılmadan, mimik, jest, beden dili, göz teması, duruş ve fiziksel mesafe gibi ögelerle mesaj iletmektir. Araştırmalar, iletişimin anlamının büyük bölümünün, hatta %60-93’ünün sözsüz sinyaller aracılığıyla aktarıldığını göstermektedir. Bu nedenle beden dilini doğru kullanmak, iletişimde kilit rol oynar.","Images":[{"ImagePrompt":"nonverbal communication body language","ImageSize":"W1024xH1792","ImageUrl":"https://localhost/ContentFiles/IdealStudioFiles/AI_Section_4-1bce8956-4899-4966-b63c-c03f62e5567e.png","IsSuccess":false,"ErrorMessage":null}],"YoutubeUrl":null,"AudioDuration":24,"SpeechAudioUrl":"https://localhost/ContentFiles/IdealStudioFiles/AI_Section_4_ed6d02c0-1803-437f-ae0d-74307ed484e0.mp3","SpeechFileName":"AI_Section_4_ed6d02c0-1803-437f-ae0d-74307ed484e0.mp3","RelevantDocumentPart":null},{"PageStyle":4,"YoutubeSearchKeyword":null,"Index":5,"Title":"Dinleme Becerileri ve Aktif Dinleme","Description":null,"Content":{"paragraph":"Etkili iletişimin en önemli parçalarından biri dinleme becerisidir.","list":"Mesaj yalnızca iletilmez, etkin şekilde dinlenmelidir.;Aktif dinleme odaklanmayı ve anlamayı içerir.;Yanlış anlamaları önler ve güvenli ortam oluşturur.;Konuşana dikkat vermek iletişimde başarının anahtarıdır."},"NarrationText":"Etkili iletişimin en önemli parçalarından biri dinleme becerisidir. Mesaj sadece iletilmekle kalmaz, etkin şekilde dinlenilmelidir. Aktif dinleme, konuşanın mesajına tam dikkat vermek ve anlamaya odaklanmak demektir. Bu yaklaşım, iletişimde yanlış anlamaları önler ve güvenli bir ortam oluşturur.","Images":[{"ImagePrompt":"active listening skills people","ImageSize":"W1792xH1024","ImageUrl":"https://localhost/ContentFiles/IdealStudioFiles/AI_Section_5-cda22a77-77c0-4184-b3d7-5a27ea389805.png","IsSuccess":false,"ErrorMessage":null}],"YoutubeUrl":null,"AudioDuration":20,"SpeechAudioUrl":"https://localhost/ContentFiles/IdealStudioFiles/AI_Section_5_e3461ae0-764b-445a-98d1-3772fbab1922.mp3","SpeechFileName":"AI_Section_5_e3461ae0-764b-445a-98d1-3772fbab1922.mp3","RelevantDocumentPart":null},{"PageStyle":28,"YoutubeSearchKeyword":null,"Index":6,"Title":"Empati ve Empatik İletişim","Description":null,"Content":{"list":"Başkalarının duygu ve düşüncelerini anlamak empati gerektirir.;Empatik iletişim güven ve saygının temelidir.;İnsanları anlamak sağlıklı ilişkiler kurmayı sağlar.;Başarılı iletişimin vazgeçilmez unsurudur."},"NarrationText":"Empati, başkalarının duygu ve düşüncelerini anlamak ve olaylara onların bakış açısından bakabilmektir. Empatik iletişim, karşılıklı güven ve saygının temelini oluşturur. İnsanları gerçekten anlamak, sağlıklı ilişkiler kurmak ve iletişimde başarılı olmak için empati vazgeçilmezdir.","Images":[{"ImagePrompt":"empathy communication trust","ImageSize":"W1024xH1792","ImageUrl":"https://localhost/ContentFiles/IdealStudioFiles/AI_Section_6-be4907ab-940a-4a1b-a2ff-e55bbc7086c3.png","IsSuccess":false,"ErrorMessage":null}],"YoutubeUrl":null,"AudioDuration":19,"SpeechAudioUrl":"https://localhost/ContentFiles/IdealStudioFiles/AI_Section_6_7eb184ae-75b0-426e-9405-581d1296ef15.mp3","SpeechFileName":"AI_Section_6_7eb184ae-75b0-426e-9405-581d1296ef15.mp3","RelevantDocumentPart":null},{"PageStyle":29,"YoutubeSearchKeyword":null,"Index":7,"Title":"İletişimin Tarihsel Gelişimi ve Modelleri","Description":null,"Content":{"list":"Farklı iletişim modelleri iletişim sürecini açıklamak için kullanılır.;Mesajlar gönderilip alınarak iletişim gerçekleşir.;Tarihsel ve teorik bilgiler etkili iletişimi destekler.;İletişimin gelişimi başarıya giden yolu aydınlatır."},"NarrationText":"İletişimin nasıl gerçekleştiğini anlamak için farklı modeller geliştirilmiştir. Bunlar, iletişim sürecini oluşturulan mesajların nasıl gönderilip alındığına odaklanır. İletişimin tarihsel gelişimini ve temel teorilerini anlamak, etkili iletişim kurmanın yolunu aydınlatır.","Images":[{"ImagePrompt":"communication history models","ImageSize":"W1024xH1024","ImageUrl":"https://localhost/ContentFiles/IdealStudioFiles/AI_Section_7-412c83ef-54f0-4a0a-8ec9-be4eafd8c8f3.png","IsSuccess":false,"ErrorMessage":null},{"ImagePrompt":"theoretical models communication","ImageSize":"W1024xH1024","ImageUrl":"https://localhost/ContentFiles/IdealStudioFiles/AI_Section_7-52e41fa5-4dee-4c3c-a54a-459251b8b2b2.png","IsSuccess":false,"ErrorMessage":null}],"YoutubeUrl":null,"AudioDuration":17,"SpeechAudioUrl":"https://localhost/ContentFiles/IdealStudioFiles/AI_Section_7_9b29d059-9a59-4713-a651-f0f3bf30e095.mp3","SpeechFileName":"AI_Section_7_9b29d059-9a59-4713-a651-f0f3bf30e095.mp3","RelevantDocumentPart":null},{"PageStyle":30,"YoutubeSearchKeyword":null,"Index":8,"Title":"Shannon-Weaver İletişim Modeli","Description":null,"Content":{"list":"Shannon-Weaver modeli gönderici, alıcı ve kanal unsurlarını tanımlar.;Mesajın iletimindeki hataları anlamak ve netlik sağlamak için kullanılır."},"NarrationText":"Shannon-Weaver modeli, iletişimi; gönderici, alıcı ve kanal kavramları üzerinden tanımlar. Kaynak, mesajı kodlayarak gönderir ve alıcı bu mesajı çözerek anlar. Bu model, mesajın iletimindeki olası hataları anlamamıza yardımcı olur ve iletişimde netliğin önemini vurgular.","Images":[{"ImagePrompt":"shannon weaver communication model","ImageSize":"W1792xH1024","ImageUrl":"https://localhost/ContentFiles/IdealStudioFiles/AI_Section_8-1dfbdfa2-daa5-4993-b5ac-44d13acd53ba.png","IsSuccess":false,"ErrorMessage":null}],"YoutubeUrl":null,"AudioDuration":19,"SpeechAudioUrl":"https://localhost/ContentFiles/IdealStudioFiles/AI_Section_8_d7ef35ae-1a33-4f18-814b-37d8a2446507.mp3","SpeechFileName":"AI_Section_8_d7ef35ae-1a33-4f18-814b-37d8a2446507.mp3","RelevantDocumentPart":null},{"PageStyle":10,"YoutubeSearchKeyword":null,"Index":9,"Title":"Berlo'nun SMCR Modeli","Description":null,"Content":{"paragraph1":"Berlo’nun SMCR modeli, kaynak, mesaj, kanal ve alıcı unsurlarını temel alır.","paragraph2":"Tüm bileşenlerin etkili olması iletişimin başarısını belirler."},"NarrationText":"Berlo’nun SMCR modeli, kaynak, mesaj, kanal ve alıcı unsurlarını temel alır. Bu modelde, iletişimde başarı için her bileşenin etkili olması gerekir. Kaynağın mesajı nasıl oluşturduğu, kanalın seçimi ve alıcının mesajı alıp anlaması iletişimin başarısını etkiler. Tüm süreç bir bütün olarak değerlendirilmelidir.","Images":[{"ImagePrompt":"berlo smcr communication model","ImageSize":"W1024xH1792","ImageUrl":"https://localhost/ContentFiles/IdealStudioFiles/AI_Section_9-dc2cc476-fa27-461b-9c58-ae223741228d.png","IsSuccess":false,"ErrorMessage":null}],"YoutubeUrl":null,"AudioDuration":21,"SpeechAudioUrl":"https://localhost/ContentFiles/IdealStudioFiles/AI_Section_9_059dfa08-647e-4d6e-84ae-fdb9401c2d08.mp3","SpeechFileName":"AI_Section_9_059dfa08-647e-4d6e-84ae-fdb9401c2d08.mp3","RelevantDocumentPart":null},{"PageStyle":21,"YoutubeSearchKeyword":null,"Index":10,"Title":"Watzlawick’in Beş Aksiomu","Description":null,"Content":{"paragraph1":"Paul Watzlawick’in iletişim aksiyomları, iletişimin kaçınılmaz ve çok katmanlı olduğunu belirtir.","paragraph2":"Aksiyomlar iletişimin içerik ve ilişki boyutunu vurgular.","paragraph3":"İletişim sorunlarının kökenini anlamamıza yardımcı olur."},"NarrationText":"Paul Watzlawick’in iletişim aksiyomları, iletişimin kaçınılmaz olduğunu ve hem içerik hem de ilişki düzeyinde gerçekleştiğini belirtir. Ayrıca iletişimin simetrik ya da tamamlayıcı olabileceği gibi temel varsayımlar öne sürer. Bu yaklaşımlar, iletişimde yaşanan sorunların kökenini anlamamıza yardımcı olur.","Images":[{"ImagePrompt":"watzlawick five communication axioms","ImageSize":"W1024xH1792","ImageUrl":"https://localhost/ContentFiles/IdealStudioFiles/AI_Section_10-7e937e59-6d42-42c6-bbba-c5baac036a64.png","IsSuccess":false,"ErrorMessage":null}],"YoutubeUrl":null,"AudioDuration":19,"SpeechAudioUrl":"https://localhost/ContentFiles/IdealStudioFiles/AI_Section_10_7a0ddb3d-71f4-4fd3-a9da-64a341d84fd9.mp3","SpeechFileName":"AI_Section_10_7a0ddb3d-71f4-4fd3-a9da-64a341d84fd9.mp3","RelevantDocumentPart":null},{"PageStyle":27,"YoutubeSearchKeyword":null,"Index":12,"Title":"Etkili İletişimin Başarıya Katkısı: Kişilerarası İlişkiler","Description":null,"Content":{"paragraph":"Etkili iletişim becerileri, sağlıklı ve güvene dayalı kişilerarası ilişkilerin temelini oluşturur.","subtext1":"Güçlü sosyal ağlar kurmada kritik rol oynar.","subtext2":"Çatışma yönetimi ve iş birliğinde önemlidir."},"NarrationText":"Etkili iletişim becerileri, sağlıklı ve güvene dayalı kişilerarası ilişkilerin temelini oluşturur. İyi iletişim, çatışma yönetiminde, iş birliğinin geliştirilmesinde ve güçlü sosyal ağlar kurmada kritik öneme sahiptir. Hayatın her aşamasında hem özel hem de profesyonel ilişkilerde iletişim becerileri, güven ve anlayış ortamını besler.","Images":[{"ImagePrompt":"friendly communication positive relationships","ImageSize":"W1024xH1792","ImageUrl":"https://localhost/ContentFiles/IdealStudioFiles/AI_Section_12-03a452b8-b85d-45b3-923c-24a611f1bfe8.png","IsSuccess":false,"ErrorMessage":null}],"YoutubeUrl":null,"AudioDuration":22,"SpeechAudioUrl":"https://localhost/ContentFiles/IdealStudioFiles/AI_Section_12_af60ef06-9242-467a-97c3-a7494a90cb7a.mp3","SpeechFileName":"AI_Section_12_af60ef06-9242-467a-97c3-a7494a90cb7a.mp3","RelevantDocumentPart":null},{"PageStyle":21,"YoutubeSearchKeyword":null,"Index":13,"Title":"Başarıya Katkı: Mesleki Hayatta İletişimin Rolü","Description":null,"Content":{"paragraph1":"İş hayatında iletişim becerilerinin önemi; liderlik, takım çalışması, müşteri memnuniyeti ve kariyer gelişimi üzerinde yapılan araştırmalarla ortaya konmuştur.","paragraph2":"İyi iletişim kurabilen bireyler, daha etkili liderlik gösterir.","paragraph3":"İş arkadaşlarıyla güçlü iş ilişkileri geliştirirler."},"NarrationText":"İş hayatında iletişim becerilerinin önemi; liderlik, takım çalışması, müşteri memnuniyeti ve kariyer gelişimi üzerinde yapılan araştırmalarla ortaya konmuştur. Akademik ya da kurumsal ortamlarda iyi iletişim kurabilen bireyler, daha etkili liderlik gösterir ve iş arkadaşlarıyla güçlü iş ilişkileri geliştirir.","Images":[{"ImagePrompt":"professional team workplace communication","ImageSize":"W1024xH1792","ImageUrl":"https://localhost/ContentFiles/IdealStudioFiles/AI_Section_13-27e9a068-c9c2-4e0c-a71e-dfbde5ab4b06.png","IsSuccess":false,"ErrorMessage":null}],"YoutubeUrl":null,"AudioDuration":20,"SpeechAudioUrl":"https://localhost/ContentFiles/IdealStudioFiles/AI_Section_13_42511f7b-eb93-40b5-971f-de1b10e59a2c.mp3","SpeechFileName":"AI_Section_13_42511f7b-eb93-40b5-971f-de1b10e59a2c.mp3","RelevantDocumentPart":null},{"PageStyle":28,"YoutubeSearchKeyword":null,"Index":14,"Title":"Kişisel Gelişim ve Öz-Yeterlilik","Description":null,"Content":{"list":"Kişisel gelişimin temel unsurlarından biri öz-yeterliliktir; Öz-yeterlilik, kişinin kendine güvenini doğrudan etkiler; Etkili iletişim becerileri başarı beklentisini artırır; Öz-farkındalık sosyal yaşamdaki başarıyı artırır"},"NarrationText":"Kişisel gelişimin temel unsurlarından biri, bireyin öz-yeterliliği ve öz-farkındalığıdır. Etkili iletişim becerileri, kişinin kendine güvenini, başarı beklentisini ve kendi duygularının farkında olmasını doğrudan olumlu etkiler. Bu durum, kişinin sosyal yaşantısındaki başarısına da yansır.","Images":[{"ImagePrompt":"personal development self awareness","ImageSize":"W1024xH1792","ImageUrl":"https://localhost/ContentFiles/IdealStudioFiles/AI_Section_14-7e9b54cf-3fa4-418a-90a6-bd26e0dc4a6d.png","IsSuccess":false,"ErrorMessage":null}],"YoutubeUrl":null,"AudioDuration":19,"SpeechAudioUrl":"https://localhost/ContentFiles/IdealStudioFiles/AI_Section_14_5a97e940-8371-42ad-b1e9-4b6822c03ab3.mp3","SpeechFileName":"AI_Section_14_5a97e940-8371-42ad-b1e9-4b6822c03ab3.mp3","RelevantDocumentPart":null},{"PageStyle":15,"YoutubeSearchKeyword":null,"Index":15,"Title":"Geri Bildirimin Önemi","Description":null,"Content":{"paragraph":"Geri bildirim, iletişimde alıcının verdiği tepkiyle göndericiye sağladığı yanıtı ifade eder.","list":"Etkin ve yapıcı geri bildirim iletişimi geliştirir; Yanlış anlamaların önüne geçer; Başarıya katkı sağlar"},"NarrationText":"Geri bildirim, iletişimde alıcının verdiği tepkiyle göndericiye sağladığı yanıtı ifade eder. Etkin ve yapıcı geri bildirim, iletişim sürecini geliştirir, yanlış anlamaların önüne geçer ve sürece açıklık kazandırır. İş hayatında ve sosyal ortamlarda geri bildirimin doğru kullanımı başarıya katkı sağlar.","Images":[{"ImagePrompt":"feedback constructive communication response","ImageSize":"W1024xH1792","ImageUrl":"https://localhost/ContentFiles/IdealStudioFiles/AI_Section_15-a618efb5-57ee-410d-bab9-fb117a546179.png","IsSuccess":false,"ErrorMessage":null}],"YoutubeUrl":null,"AudioDuration":19,"SpeechAudioUrl":"https://localhost/ContentFiles/IdealStudioFiles/AI_Section_15_1298ffc5-8871-435c-8d44-aa4392aeb3fc.mp3","SpeechFileName":"AI_Section_15_1298ffc5-8871-435c-8d44-aa4392aeb3fc.mp3","RelevantDocumentPart":null},{"PageStyle":4,"YoutubeSearchKeyword":null,"Index":16,"Title":"Çatışma Yönetiminde İletişim","Description":null,"Content":{"paragraph":"Farklı bakış açıları ve anlaşmazlıklar, hayatın doğal bir parçasıdır.","list":"Etkili iletişim çatışma çözümünde anahtardır; Anlaşmazlıklar yapıcı şekilde yönetilebilir; Sağlıklı diyalog ortamı yaratılır; Uyum sağlanmasında iletişim kritik rol oynar"},"NarrationText":"Farklı bakış açıları ve anlaşmazlıklar, hayatın doğal bir parçasıdır. Etkili iletişim, çatışmaların çözümünde ve uyumun sağlanmasında kritik rol oynar. İletişim becerileri sayesinde anlaşmazlıklar yapıcı şekilde yönetilebilir ve taraflar arasında sağlıklı diyalog kurulabilir.","Images":[{"ImagePrompt":"conflict resolution dialogue communication","ImageSize":"W1792xH1024","ImageUrl":"https://localhost/ContentFiles/IdealStudioFiles/AI_Section_16-3af472df-b8c0-4e24-a549-6ecdff7d2adf.png","IsSuccess":false,"ErrorMessage":null}],"YoutubeUrl":null,"AudioDuration":18,"SpeechAudioUrl":"https://localhost/ContentFiles/IdealStudioFiles/AI_Section_16_edbf79a3-f70c-46ca-93db-f1c37d7ff1dc.mp3","SpeechFileName":"AI_Section_16_edbf79a3-f70c-46ca-93db-f1c37d7ff1dc.mp3","RelevantDocumentPart":null},{"PageStyle":10,"YoutubeSearchKeyword":null,"Index":17,"Title":"Kültürlerarası İletişim","Description":null,"Content":{"paragraph1":"Farklı kültürel gruplarla iletişim kurarken, dil farklılıklarının ötesinde değerler ve normlara dikkat etmek gerekir.","paragraph2":"Kültürlerarası iletişimde başarı; başka kültürlere saygı ve açık fikirli olmak ile mümkündür."},"NarrationText":"Farklı kültürel gruplarla iletişim kurarken, dil farklılıklarının ötesinde değerler ve normlara dikkat etmek gerekir. Kültürlerarası iletişimde başarı; başka kültürlere saygı, açık fikirli olmak ve farklılıkların bilincinde hareket etmek ile mümkündür. Bu yetkinlik, özellikle küresel iş ve sosyal ortamlarda büyük avantaj sağlar.","Images":[{"ImagePrompt":"cross cultural communication respect","ImageSize":"W1024xH1792","ImageUrl":"https://localhost/ContentFiles/IdealStudioFiles/AI_Section_17-b505c2a3-2854-48a8-bb8d-8e9620f170ac.png","IsSuccess":false,"ErrorMessage":null}],"YoutubeUrl":null,"AudioDuration":21,"SpeechAudioUrl":"https://localhost/ContentFiles/IdealStudioFiles/AI_Section_17_5bfd760d-9aeb-4943-83d5-22badb7dc7a5.mp3","SpeechFileName":"AI_Section_17_5bfd760d-9aeb-4943-83d5-22badb7dc7a5.mp3","RelevantDocumentPart":null},{"PageStyle":27,"YoutubeSearchKeyword":null,"Index":18,"Title":"Bilimsel Bulgular ve Güncel Araştırmalar","Description":null,"Content":{"paragraph":"Bilimsel çalışmalar, etkili iletişim becerilerinin ölçülmesi ve geliştirilmesine yönelik birçok kaynak sunmaktadır.","subtext1":"Sosyal zeka ve duygusal zeka ölçekleri kullanılır.","subtext2":"Kişilerarası yeterlikler bilimsel olarak analiz edilebilir."},"NarrationText":"Bilimsel çalışmalar, etkili iletişim becerilerinin ölçülmesi ve geliştirilmesine yönelik birçok kaynak sunmaktadır. İletişim yetenekleri; sosyal zeka, duygusal zeka ve kişilerarası yeterlik ölçekleriyle değerlendirilmektedir. Böylelikle bireylerin iletişim kapasitesi bilimsel şekilde analiz edilebilmektedir.","Images":[{"ImagePrompt":"scientific research communication skills","ImageSize":"W1024xH1792","ImageUrl":"https://localhost/ContentFiles/IdealStudioFiles/AI_Section_18-42d0d39d-fc59-4f66-b81e-116ece121b1a.png","IsSuccess":false,"ErrorMessage":null}],"YoutubeUrl":null,"AudioDuration":20,"SpeechAudioUrl":"https://localhost/ContentFiles/IdealStudioFiles/AI_Section_18_741e48f6-2a23-4743-9ae4-4b101b7f8e56.mp3","SpeechFileName":"AI_Section_18_741e48f6-2a23-4743-9ae4-4b101b7f8e56.mp3","RelevantDocumentPart":null},{"PageStyle":30,"YoutubeSearchKeyword":null,"Index":19,"Title":"İletişim Yeterliliklerinin Ölçülmesi","Description":null,"Content":{"list":"İletişim becerilerinin ölçümü için çeşitli araçlar kullanılır; Değerlendirmeler gelişime açık yönleri ortaya koyar"},"NarrationText":"Dünya genelinde iletişim becerilerinin ölçümü için çeşitli ölçekler ve değerlendirme araçları kullanılmaktadır. Özellikle sosyal zeka, duygusal zeka ve kişilerarası yetkinlik alanları üzerinde yoğunlaşılmaktadır. Bu ölçümler, bireyin güçlü ve gelişime açık yönlerini ortaya koyar, iletişim becerilerini bilinçli şekilde ilerletmeye yardımcı olur.","Images":[{"ImagePrompt":"communication assessment measurement tools","ImageSize":"W1792xH1024","ImageUrl":"https://localhost/ContentFiles/IdealStudioFiles/AI_Section_19-f9479a02-0e1f-4e39-aee7-5ab05f51c674.png","IsSuccess":false,"ErrorMessage":null}],"YoutubeUrl":null,"AudioDuration":22,"SpeechAudioUrl":"https://localhost/ContentFiles/IdealStudioFiles/AI_Section_19_40f16819-76c5-4799-bc8a-a457c3cffb9d.mp3","SpeechFileName":"AI_Section_19_40f16819-76c5-4799-bc8a-a457c3cffb9d.mp3","RelevantDocumentPart":null},{"PageStyle":29,"YoutubeSearchKeyword":null,"Index":20,"Title":"İletişim Eğitimi Programlarının Etkililiği","Description":null,"Content":{"list":"İletişim eğitimleri açıklık sağlar; Empati geliştirmede etkilidir; Dinleme becerileri güçlenir; Mesleki ve sosyal başarıya katkı sunar"},"NarrationText":"Günümüzde uygulanan iletişim eğitimi programları, katılımcıların açıklık, empati ve dinleme gibi önemli iletişim becerilerinde gözle görülür gelişmeler sağladığını göstermektedir. Sosyal ve mesleki alandaki başarıya doğrudan katkı sağlayan bu programlar, etkili iletişimi hayatın birçok alanında desteklemektedir.","Images":[{"ImagePrompt":"communication training improvement","ImageSize":"W1024xH1024","ImageUrl":"https://localhost/ContentFiles/IdealStudioFiles/AI_Section_20-cd4d4a05-3f5b-4c64-86e9-c4d312296fa5.png","IsSuccess":false,"ErrorMessage":null},{"ImagePrompt":"empathy listening skills education","ImageSize":"W1024xH1024","ImageUrl":"https://localhost/ContentFiles/IdealStudioFiles/AI_Section_20-5345e848-aa54-476d-bc18-761157c3956d.png","IsSuccess":false,"ErrorMessage":null}],"YoutubeUrl":null,"AudioDuration":20,"SpeechAudioUrl":"https://localhost/ContentFiles/IdealStudioFiles/AI_Section_20_dc886c82-fd8f-4c6c-91fd-76a21332e25b.mp3","SpeechFileName":"AI_Section_20_dc886c82-fd8f-4c6c-91fd-76a21332e25b.mp3","RelevantDocumentPart":null},{"PageStyle":8,"YoutubeSearchKeyword":null,"Index":21,"Title":"Dersin Ara Özeti: Gelişimin Temel Taşları","Description":null,"Content":{"paragraph1":"Bu bölümde, iletişim modellerinden kişilerarası ilişkilere, çatışma yönetiminden geri bildirime kadar iletişimin hayatımızdaki merkezi rolünü ele aldık.","paragraph2":"Etkili iletişim becerileri, hem kişisel hem de mesleki başarıya önemli katkılar sunar."},"NarrationText":"Bu bölümde, iletişim modellerinden kişilerarası ilişkilere, çatışma yönetiminden geri bildirime kadar iletişimin hayatımızdaki merkezi rolünü ele aldık. Etkili iletişim becerileri, hem kişisel hem de mesleki başarıya önemli katkılar sunmaktadır. Şimdi, edindiğiniz bilgilerle iletişiminizi güçlendirme yolunda bir sonraki adımlara geçebilirsiniz.","Images":[{"ImagePrompt":"summary communication key points","ImageSize":"W1024xH1024","ImageUrl":"https://localhost/ContentFiles/IdealStudioFiles/AI_Section_21-ddda0933-8acd-4a48-97e2-7647ef083b78.png","IsSuccess":false,"ErrorMessage":null}],"YoutubeUrl":null,"AudioDuration":22,"SpeechAudioUrl":"https://localhost/ContentFiles/IdealStudioFiles/AI_Section_21_bd0020b4-7631-4eb9-8d6d-21ed88635b0b.mp3","SpeechFileName":"AI_Section_21_bd0020b4-7631-4eb9-8d6d-21ed88635b0b.mp3","RelevantDocumentPart":null},{"PageStyle":10,"YoutubeSearchKeyword":null,"Index":22,"Title":"Sözlü ve Sözsüz İletişim Arasındaki Denge","Description":null,"Content":{"paragraph1":"Etkili iletişimde hem sözlü hem de sözsüz mesajlar bir bütün olarak işler. Konuşmalarda kelimeler kadar beden dili, mimik ve ses tonu da mesajın algılanmasında önemli rol oynar. Sözlü ve sözsüz iletişimin uyumu, iletmek istediğiniz mesajın daha güçlü, net ve ikna edici olmasını sağlar.","paragraph2":"Bu nedenle, sadece ne söylediğinize değil, nasıl söylediğinize de dikkat etmek iletişimde başarıyı artırır."},"NarrationText":"Etkili iletişimde hem sözlü hem de sözsüz mesajlar bir bütün olarak işler. Konuşmalarınızda kullanılan kelimeler kadar, beden dili, mimik ve ses tonu da karşıya ilettiğiniz mesajın algılanmasında rol oynar. Sözlü iletişim ve sözsüz iletişimin uyumlu olması, mesajınızın daha güçlü ve ikna edici olmasını sağlar.","Images":[{"ImagePrompt":"verbal nonverbal communication balance","ImageSize":"W1024xH1792","ImageUrl":"https://localhost/ContentFiles/IdealStudioFiles/AI_Section_22-b55d06a7-93eb-4721-b8b3-987cfcc57718.png","IsSuccess":false,"ErrorMessage":null}],"YoutubeUrl":null,"AudioDuration":20,"SpeechAudioUrl":"https://localhost/ContentFiles/IdealStudioFiles/AI_Section_22_6e87c7a4-bb2f-405f-a67c-20f58c5a6fd7.mp3","SpeechFileName":"AI_Section_22_6e87c7a4-bb2f-405f-a67c-20f58c5a6fd7.mp3","RelevantDocumentPart":null},{"PageStyle":2,"YoutubeSearchKeyword":null,"Index":23,"Title":"Dinleme ve Empatinin Birleşimi","Description":null,"Content":{"subtitle":"Dinlemenin ve Empatinin Gücü","paragraph1":"Dinleme ile empati birlikte kullanıldığında, iletişim çok daha verimli hale gelir.","paragraph2":"Aktif dinleme sırasında karşınızdakini anlamaya çalışmak, empatiyi artırır ve yanlış anlaşılmaları önler. Bu da güvenin ve sağlıklı iletişimin temelini oluşturur."},"NarrationText":"Dinleme ile empati birlikte kullanıldığında, iletişim çok daha verimli hale gelir. Aktif dinleme sırasında empati kurmak, karşınızdakinin duygularını ve düşüncelerini daha iyi anlamanızı sağlar. Böylece, yanlış anlaşılmalar önlenir ve güven ortamı güçlenir.","Images":[{"ImagePrompt":"empathy active listening communication","ImageSize":"W1024xH1024","ImageUrl":"https://localhost/ContentFiles/IdealStudioFiles/AI_Section_23-5a1c0750-0f27-4fbb-b886-c07766f2a5ed.png","IsSuccess":false,"ErrorMessage":null}],"YoutubeUrl":null,"AudioDuration":17,"SpeechAudioUrl":"https://localhost/ContentFiles/IdealStudioFiles/AI_Section_23_5b6dae67-ae17-4aa0-9301-67401195d2dc.mp3","SpeechFileName":"AI_Section_23_5b6dae67-ae17-4aa0-9301-67401195d2dc.mp3","RelevantDocumentPart":null},{"PageStyle":10,"YoutubeSearchKeyword":null,"Index":24,"Title":"Geri Bildirimde Açıklık ve Duyarlılık","Description":null,"Content":{"paragraph1":"Geri bildirim verirken açık ve duyarlı olmak büyük önem taşır. Duyarlı ve açık bir şekilde yapılan geri bildirim karşıdaki kişinin kişisel ve profesyonel gelişimine olumlu katkı sağlar. Yapıcı bir üslup kullanmak, geri bildirimin kabul edilmesini ve etkili olmasını kolaylaştırır.","paragraph2":"Aksi halde, yıkıcı veya kapalı geri bildirimler iletişimi ve motivasyonu olumsuz etkileyebilir."},"NarrationText":"Geri bildirim verirken açık ve duyarlı olmak büyük önem taşır. Mesajınızı doğrudan ama kırıcı olmayacak şekilde paylaşmanız, karşı tarafın gelişimine katkı sağlar. Yıkıcı veya kapalı geri bildirimler, iletişimi zedeleyebilir ve motivasyonu azaltabilir.","Images":[{"ImagePrompt":"constructive feedback sensitivity communication","ImageSize":"W1024xH1792","ImageUrl":"https://localhost/ContentFiles/IdealStudioFiles/AI_Section_24-c61f3c2e-825c-4f20-b6a5-36181341b4fb.png","IsSuccess":false,"ErrorMessage":null}],"YoutubeUrl":null,"AudioDuration":17,"SpeechAudioUrl":"https://localhost/ContentFiles/IdealStudioFiles/AI_Section_24_2fc893fe-5d55-4914-9104-70e7b0867865.mp3","SpeechFileName":"AI_Section_24_2fc893fe-5d55-4914-9104-70e7b0867865.mp3","RelevantDocumentPart":null},{"PageStyle":9,"YoutubeSearchKeyword":null,"Index":25,"Title":"Çatışmalarda Çözüm Odaklı Yaklaşım","Description":null,"Content":{"paragraph":"Çatışmalar kaçınılmaz olsa da, yapıcı bir yaklaşımla olumlu sonuçlar elde edilebilir.","list":"Çözüm odaklı düşünün; Her iki tarafı dinleyin; Ortak noktaları arayın; Saygıyı koruyun"},"NarrationText":"Çatışmalar kaçınılmaz olsa da, yapıcı bir yaklaşımla olumlu sonuçlar elde edilebilir. Etkili iletişimle taraflar arasındaki anlaşmazlıklar hızla çözüme kavuşur. Çözüm odaklı davranmak, hem ilişkileri korur hem de karşılıklı saygının devam etmesini sağlar.","Images":[{"ImagePrompt":"conflict resolution approach","ImageSize":"W1024xH1792","ImageUrl":"https://localhost/ContentFiles/IdealStudioFiles/AI_Section_25-d04f5326-c9db-4e58-9484-308301185643.png","IsSuccess":false,"ErrorMessage":null}],"YoutubeUrl":null,"AudioDuration":17,"SpeechAudioUrl":"https://localhost/ContentFiles/IdealStudioFiles/AI_Section_25_28228c0b-7625-4695-8430-6d374437bafd.mp3","SpeechFileName":"AI_Section_25_28228c0b-7625-4695-8430-6d374437bafd.mp3","RelevantDocumentPart":null},{"PageStyle":21,"YoutubeSearchKeyword":null,"Index":26,"Title":"Kültürel Farklılıkları Anlamak","Description":null,"Content":{"paragraph1":"Kültürel farklılıkları anlamak ve kabullenmek, iletişimin evrensel bir dil haline dönüşmesini kolaylaştırır.","paragraph2":"Farklı kültürel geçmişlerden gelen kişilerle iletişimde önyargılarınızı bir kenara bırakmak, sağlıklı ve aynı zeminde buluşmayı sağlar.","paragraph3":"Saygı ve anlayış, kültürlerarası doğru iletişimin temel anahtarlarıdır."},"NarrationText":"Kültürel farklılıkları anlamak ve kabullenmek, iletişimin evrensel bir dil haline dönüşmesini kolaylaştırır. Farklı kültürel geçmişlerden gelen bireylerle iletişimde önyargılardan arınmak, ortak bir zemin bulmayı sağlar. Saygı ve anlayış, kültürlerarası iletişimde anahtar rol oynar.","Images":[{"ImagePrompt":"understanding cultural differences communication","ImageSize":"W1024xH1792","ImageUrl":"https://localhost/ContentFiles/IdealStudioFiles/AI_Section_26-e3cb6ab1-0bdc-49e8-a4ae-6f811f4c02a8.png","IsSuccess":false,"ErrorMessage":null}],"YoutubeUrl":null,"AudioDuration":18,"SpeechAudioUrl":"https://localhost/ContentFiles/IdealStudioFiles/AI_Section_26_8ffddbc9-7082-4bfb-a322-7257bf8d00b0.mp3","SpeechFileName":"AI_Section_26_8ffddbc9-7082-4bfb-a322-7257bf8d00b0.mp3","RelevantDocumentPart":null},{"PageStyle":30,"YoutubeSearchKeyword":null,"Index":27,"Title":"Araştırma Bulgularının Pratiğe Yansıması","Description":null,"Content":{"list":"İletişim eğitimlerinde edinilen bilgiler, günlük yaşamda ve iş hayatında doğrudan uygulanabilir.; Bilimsel bulgular etkili iletişimle empati, dinleme ve açıklığın geliştiğini göstermektedir."},"NarrationText":"İletişim eğitimlerinde edinilen bilgiler, günlük yaşamda ve iş hayatında doğrudan uygulanabilir. Bilimsel bulgular, etkili iletişimle birlikte empati, dinleme ve açıklığın da geliştiğini ortaya koyar. Bu kazanımlar, bireylerin hem kişisel hem iş ilişkilerini güçlendirir.","Images":[{"ImagePrompt":"communication research practice application","ImageSize":"W1792xH1024","ImageUrl":"https://localhost/ContentFiles/IdealStudioFiles/AI_Section_27-7f59396b-4629-4465-b00a-1a941f2b3260.png","IsSuccess":false,"ErrorMessage":null}],"YoutubeUrl":null,"AudioDuration":18,"SpeechAudioUrl":"https://localhost/ContentFiles/IdealStudioFiles/AI_Section_27_531f328b-bfeb-44b2-8f85-4ec8b1f12bbf.mp3","SpeechFileName":"AI_Section_27_531f328b-bfeb-44b2-8f85-4ec8b1f12bbf.mp3","RelevantDocumentPart":null},{"PageStyle":28,"YoutubeSearchKeyword":null,"Index":28,"Title":"Kişisel Bir Bakış: İletişim Gelişimi İçin Adımlar","Description":null,"Content":{"list":"Kendini tanıma; Karşıyı dikkatle dinleme; Geri bildirim alma; Kültürel çeşitliliğe açıklık ve empati gösterme"},"NarrationText":"İletişim becerilerinizi geliştirmek için; kendinizi tanımak, başkalarını dinlemek ve geri bildirim almak önemlidir. Kültürel çeşitliliğe açık olmak, empatik ve çözüm odaklı bir yaklaşımı benimsemek etkili iletišiminizi artırmanıza yardımcı olur. Her adım, kişisel ve mesleki gelişiminize katkı sunar.","Images":[{"ImagePrompt":"personal communication development steps","ImageSize":"W1024xH1792","ImageUrl":"https://localhost/ContentFiles/IdealStudioFiles/AI_Section_28-eacc788d-121e-47f5-92db-3b3daa0be641.png","IsSuccess":false,"ErrorMessage":null}],"YoutubeUrl":null,"AudioDuration":19,"SpeechAudioUrl":"https://localhost/ContentFiles/IdealStudioFiles/AI_Section_28_063fd44b-2943-436a-b95b-61f93b0d2f16.mp3","SpeechFileName":"AI_Section_28_063fd44b-2943-436a-b95b-61f93b0d2f16.mp3","RelevantDocumentPart":null},{"PageStyle":10,"YoutubeSearchKeyword":null,"Index":29,"Title":"Eğitimin Sonu: Anahtar Noktalar","Description":null,"Content":{"paragraph1":"Etkili iletişim eğitimiyle birlikte, sözlü ve sözsüz iletişimin temellerini, dinleme ve empatiyi, geri bildirimi ve kültürlerarası iletişimi inceledik.","paragraph2":"Çatışma yönetimi ve iletişim becerilerinin, kişisel ve toplumsal başarıda ne kadar önemli olduğu vurgulanmıştır."},"NarrationText":"Etkili iletişim eğitimiyle birlikte, sözlü ve sözsüz iletişimin temellerini, dinleme ve empatiyi, geri bildirimi ve kültürlerarası iletişimi inceledik. Çatışma yönetimi ve iletişim becerilerinin kişisel, mesleki ve toplumsal başarı üzerindeki rolünü ele aldık. Bu anahtar noktalar, iletişim yolculuğunuzda size rehberlik edecektir.","Images":[{"ImagePrompt":"key points effective communication","ImageSize":"W1024xH1792","ImageUrl":"https://localhost/ContentFiles/IdealStudioFiles/AI_Section_29-2f44483d-f7f9-46b2-b40f-1b5f2e062000.png","IsSuccess":false,"ErrorMessage":null}],"YoutubeUrl":null,"AudioDuration":21,"SpeechAudioUrl":"https://localhost/ContentFiles/IdealStudioFiles/AI_Section_29_4238ce0a-71b7-4760-8b0f-a53f9e02e0af.mp3","SpeechFileName":"AI_Section_29_4238ce0a-71b7-4760-8b0f-a53f9e02e0af.mp3","RelevantDocumentPart":null},{"PageStyle":10,"YoutubeSearchKeyword":null,"Index":30,"Title":"Sonuç ve Özet","Description":null,"Content":{"paragraph1":"Etkili iletişim, bireyin hem kişisel hem de profesyonel başarısında belirleyici bir faktördür. Açık ve empatik iletişim, ilişkileri güçlendirirken toplumsal etkileşimleri de olumlu yönde etkiler. Kursta öğrendiğiniz bilgiler ile iletişiminizi her alanda geliştirme şansına sahipsiniz.","paragraph2":"Bu ilkeleri uygulayarak, kişisel ve iş yaşamınızda kalıcı başarılar elde edebilirsiniz."},"NarrationText":"Etkili iletişim, bireyin hem kişisel hem de profesyonel başarısında belirleyici bir faktördür. Anlaşılır, açık ve empatik iletişim hem ilişkilerimizi güçlendirir hem de toplumsal etkileşimi olumlu yönde etkiler. Kursta öğrendiğiniz temel ilke ve tekniklerle, iletişiminizi her alanda geliştirebilirsiniz.","Images":[{"ImagePrompt":"effective communication summary success","ImageSize":"W1024xH1792","ImageUrl":"https://localhost/ContentFiles/IdealStudioFiles/AI_Section_30-25bf3221-49b7-4360-85e6-f7d8ef35d9fa.png","IsSuccess":false,"ErrorMessage":null}],"YoutubeUrl":null,"AudioDuration":20,"SpeechAudioUrl":"https://localhost/ContentFiles/IdealStudioFiles/AI_Section_30_5e7057b4-09a6-4276-bc37-48692ebdeba5.mp3","SpeechFileName":"AI_Section_30_5e7057b4-09a6-4276-bc37-48692ebdeba5.mp3","RelevantDocumentPart":null},{"PageStyle":11,"YoutubeSearchKeyword":"Hayatta Başarılı Olmak İçin Etkili İletişim Eğitimi","Index":11,"Title":"Hayatta Başarılı Olmak İçin Etkili İletişim Eğitimi","Description":null,"Content":null,"NarrationText":null,"Images":null,"YoutubeUrl":"https://www.youtube.com/watch?v=nLHzBVnUUTg","AudioDuration":0,"SpeechAudioUrl":null,"SpeechFileName":null,"RelevantDocumentPart":null},{"PageStyle":12,"YoutubeSearchKeyword":null,"Index":31,"Title":"Question 1","Description":null,"Content":null,"NarrationText":null,"Images":null,"YoutubeUrl":null,"AudioDuration":5,"SpeechAudioUrl":"https://localhost/ContentFiles/IdealStudioFiles/1-31_ai_Questione867f342-185d-45fc-bf0a-022f77ee1240.mp3","SpeechFileName":"1-31_ai_Questione867f342-185d-45fc-bf0a-022f77ee1240.mp3","RelevantDocumentPart":null},{"PageStyle":13,"YoutubeSearchKeyword":null,"Index":32,"Title":"Question 2","Description":null,"Content":null,"NarrationText":null,"Images":null,"YoutubeUrl":null,"AudioDuration":5,"SpeechAudioUrl":"https://localhost/ContentFiles/IdealStudioFiles/1-32_ai_Question2c295413-6dcf-4755-89fe-bb9bc824ca63.mp3","SpeechFileName":"1-32_ai_Question2c295413-6dcf-4755-89fe-bb9bc824ca63.mp3","RelevantDocumentPart":null},{"PageStyle":14,"YoutubeSearchKeyword":null,"Index":33,"Title":"Question 3","Description":null,"Content":null,"NarrationText":null,"Images":null,"YoutubeUrl":null,"AudioDuration":4,"SpeechAudioUrl":"https://localhost/ContentFiles/IdealStudioFiles/1-33_ai_Questionce6607ac-c79e-4485-a002-4973d1102343.mp3","SpeechFileName":"1-33_ai_Questionce6607ac-c79e-4485-a002-4973d1102343.mp3","RelevantDocumentPart":null},{"PageStyle":12,"YoutubeSearchKeyword":null,"Index":34,"Title":"Question 4","Description":null,"Content":null,"NarrationText":null,"Images":null,"YoutubeUrl":null,"AudioDuration":7,"SpeechAudioUrl":"https://localhost/ContentFiles/IdealStudioFiles/1-34_ai_Question79cf214f-bcbd-42ff-beff-5e9f869add57.mp3","SpeechFileName":"1-34_ai_Question79cf214f-bcbd-42ff-beff-5e9f869add57.mp3","RelevantDocumentPart":null},{"PageStyle":13,"YoutubeSearchKeyword":null,"Index":35,"Title":"Question 5","Description":null,"Content":null,"NarrationText":null,"Images":null,"YoutubeUrl":null,"AudioDuration":6,"SpeechAudioUrl":"https://localhost/ContentFiles/IdealStudioFiles/1-35_ai_Question7f3601ee-6763-4493-8f02-a8bdd11465ee.mp3","SpeechFileName":"1-35_ai_Question7f3601ee-6763-4493-8f02-a8bdd11465ee.mp3","RelevantDocumentPart":null},{"PageStyle":14,"YoutubeSearchKeyword":null,"Index":36,"Title":"Question 6","Description":null,"Content":null,"NarrationText":null,"Images":null,"YoutubeUrl":null,"AudioDuration":4,"SpeechAudioUrl":"https://localhost/ContentFiles/IdealStudioFiles/1-36_ai_Question249a3874-671c-4ff4-9c89-78ebfd284b4b.mp3","SpeechFileName":"1-36_ai_Question249a3874-671c-4ff4-9c89-78ebfd284b4b.mp3","RelevantDocumentPart":null},{"PageStyle":12,"YoutubeSearchKeyword":null,"Index":37,"Title":"Question 7","Description":null,"Content":null,"NarrationText":null,"Images":null,"YoutubeUrl":null,"AudioDuration":5,"SpeechAudioUrl":"https://localhost/ContentFiles/IdealStudioFiles/1-37_ai_Question880dc8fc-56ce-4b59-905c-74e8f0625185.mp3","SpeechFileName":"1-37_ai_Question880dc8fc-56ce-4b59-905c-74e8f0625185.mp3","RelevantDocumentPart":null},{"PageStyle":13,"YoutubeSearchKeyword":null,"Index":38,"Title":"Question 8","Description":null,"Content":null,"NarrationText":null,"Images":null,"YoutubeUrl":null,"AudioDuration":6,"SpeechAudioUrl":"https://localhost/ContentFiles/IdealStudioFiles/1-38_ai_Question3b69d9c7-abea-47d6-8c4b-85cc032dc9fb.mp3","SpeechFileName":"1-38_ai_Question3b69d9c7-abea-47d6-8c4b-85cc032dc9fb.mp3","RelevantDocumentPart":null},{"PageStyle":14,"YoutubeSearchKeyword":null,"Index":39,"Title":"Question 9","Description":null,"Content":null,"NarrationText":null,"Images":null,"YoutubeUrl":null,"AudioDuration":4,"SpeechAudioUrl":"https://localhost/ContentFiles/IdealStudioFiles/1-39_ai_Questionb38bdc16-2367-45d0-b54f-dfe4f8fc2db4.mp3","SpeechFileName":"1-39_ai_Questionb38bdc16-2367-45d0-b54f-dfe4f8fc2db4.mp3","RelevantDocumentPart":null},{"PageStyle":100,"YoutubeSearchKeyword":null,"Index":100,"Title":"Şimdi Sıra Sizde","Description":null,"Content":"\"%3Cp%20style=%22text-align:%20center;%22%3E%3Cspan%20style=%22font-size:2.857142857142857em;%22%3E%3Cspan%20style=%22color:#ffffff;%22%3E%3Cspan%20style=%22font-family:Alata,sans-serif;%22%3E%C5%9Eimdi%20%3C/span%3E%3C/span%3E%3C/span%3E%3C/p%3E%0A%0A%3Cp%20style=%22text-align:%20center;%22%3E%C2%A0%3C/p%3E%0A%0A%3Cp%20style=%22text-align:%20center;%22%3E%3Cspan%20style=%22font-size:2.857142857142857em;%22%3E%3Cspan%20style=%22color:#ffffff;%22%3E%3Cspan%20style=%22font-family:Alata,sans-serif;%22%3ES%C4%B1ra%20Sizde%3C/span%3E%3C/span%3E%3C/span%3E%3C/p%3E%0A\"","NarrationText":null,"Images":null,"YoutubeUrl":null,"AudioDuration":2,"SpeechAudioUrl":"https://localhost/ContentFiles/IdealStudioFiles/AI_Section_100_d7f44308-4389-4c53-b32a-393dd537143b.mp3","SpeechFileName":"AI_Section_100_d7f44308-4389-4c53-b32a-393dd537143b.mp3","RelevantDocumentPart":null},{"PageStyle":101,"YoutubeSearchKeyword":null,"Index":101,"Title":"Tebrikler, Eğitimi Tamamladınız","Description":null,"Content":"\"%3Cp%20style=%22text-align:%20center;%22%3E%3Cspan%20style=%22color:#ffffff;%22%3E%3Cspan%20style=%22font-size:2.5em;%22%3E%3Cspan%20style=%22font-family:Alata,sans-serif;%22%3E%3Cstrong%3ETebrikler,%20E%C4%9Fitimi%20Tamamlad%C4%B1n%C4%B1z%3C/strong%3E%3C/span%3E%3C/span%3E%3C/span%3E%3C/p%3E%0A\"","NarrationText":null,"Images":null,"YoutubeUrl":null,"AudioDuration":3,"SpeechAudioUrl":"https://localhost/ContentFiles/IdealStudioFiles/AI_Section_101_6d8a665a-8bcf-4e75-b051-2cc829a2a3e3.mp3","SpeechFileName":"AI_Section_101_6d8a665a-8bcf-4e75-b051-2cc829a2a3e3.mp3","RelevantDocumentPart":null}],"GeneralQuiz":[{"Index":31,"Type":0,"Question":"Etkili iletişimde sadece sözcüklerle mesajı aktarmak yeterli midir?","Options":["Evet, sadece sözcükler önemlidir.","Evet, ancak beden dili önemlidir.","Hayır, mesajı tüm yönleriyle aktarmak gerekir.","Hayır, yalnızca mimik ve jestlerle iletişim kurulur."],"CorrectAnswers":["Hayır, mesajı tüm yönleriyle aktarmak gerekir."],"Statements":null,"IsSuccess":true,"ErrorMessage":null},{"Index":32,"Type":1,"Question":"Aşağıdakilerden hangileri etkili sözlü iletişimde önemli unsurlardır?","Options":["Diksiyon","Beden dili","Tonlama","Fiziksel mesafe"],"CorrectAnswers":["Diksiyon","Tonlama"],"Statements":null,"IsSuccess":true,"ErrorMessage":null},{"Index":33,"Type":2,"Question":"Aşağıdaki ifadelerin Doğru mu Yanlış mı olduğuna karar verin","Options":null,"CorrectAnswers":null,"Statements":[{"Statement":"Aktif dinleme, sadece sesleri duyup anlamadan geçmektir.","Answer":"False"},{"Statement":"Empatik iletişim, güven ve saygının temelidir.","Answer":"True"},{"Statement":"İletişim sadece sözcüklerle gerçekleşir, sözsüz iletişimin etkisi yoktur.","Answer":"False"},{"Statement":"Shannon-Weaver modeli iletişimde gönderici, alıcı ve kanal unsurlarını içerir.","Answer":"True"}],"IsSuccess":true,"ErrorMessage":null},{"Index":34,"Type":0,"Question":"Berlo'nun SMCR iletişim modelinde yer alan bileşenlerden hangisi mesajın iletilme aracını ifade eder?","Options":["Kaynak","Alıcı","Kanal","Mesaj"],"CorrectAnswers":["Kanal"],"Statements":null,"IsSuccess":true,"ErrorMessage":null},{"Index":35,"Type":1,"Question":"Aşağıdakilerden hangileri çatışma yönetiminde etkili iletişimin sağladığı katkılardır?","Options":["Sağlıklı diyalog ortamı yaratmak","Uyum sağlanmasında kritik rol oynamak","Anlaşmazlıkları yapıcı şekilde yönetmek","Yanlış anlamaları artırmak"],"CorrectAnswers":["Sağlıklı diyalog ortamı yaratmak","Anlaşmazlıkları yapıcı şekilde yönetmek"],"Statements":null,"IsSuccess":true,"ErrorMessage":null},{"Index":36,"Type":2,"Question":"Aşağıdaki ifadelerin Doğru mu Yanlış mı olduğuna karar verin","Options":null,"CorrectAnswers":null,"Statements":[{"Statement":"İyi iletişim becerileri, iş hayatında liderlik ve takım çalışmasını olumsuz etkiler.","Answer":"False"},{"Statement":"Geri bildirim, iletişimde alıcının göndericiye verdiği yanıttır.","Answer":"True"},{"Statement":"Kültürlerarası iletişimde sadece dil farklılıklarına dikkat etmek yeterlidir.","Answer":"False"},{"Statement":"Etkili iletişim, kişisel gelişimin ve öz-yeterliliğin artmasına yardımcı olur.","Answer":"True"}],"IsSuccess":true,"ErrorMessage":null},{"Index":37,"Type":0,"Question":"Aşağıdakilerden hangisi sözsüz iletişim unsurlarından biri değildir?","Options":["Mimik","Göz teması","Ses hızı","Beden dili"],"CorrectAnswers":["Ses hızı"],"Statements":null,"IsSuccess":true,"ErrorMessage":null},{"Index":38,"Type":1,"Question":"Etkili iletişim becerilerinin kişisel ve mesleki başarıya katkılarından hangileri doğrudur?","Options":["Güçlü sosyal ağlar kurmayı sağlar","Çatışma yönetiminde etkisizdir","İyi iletişim liderlik becerilerini artırır","Kariyer gelişimini destekler"],"CorrectAnswers":["Güçlü sosyal ağlar kurmayı sağlar","İyi iletişim liderlik becerilerini artırır"],"Statements":null,"IsSuccess":true,"ErrorMessage":null},{"Index":39,"Type":2,"Question":"Aşağıdaki ifadelerin Doğru mu Yanlış mı olduğuna karar verin","Options":null,"CorrectAnswers":null,"Statements":[{"Statement":"Geri bildirimde kapalı ve yıkıcı üslup iletişimi güçlendirir.","Answer":"False"},{"Statement":"Dinleme ve empati birlikte kullanıldığında iletişim verimliliği artar.","Answer":"True"},{"Statement":"İletişim modelleri sadece teorik amaçlarla kullanılır, pratikte faydası yoktur.","Answer":"False"},{"Statement":"Etkili iletişim çatışma çözümünde anahtar bir rol oynar.","Answer":"True"}],"IsSuccess":true,"ErrorMessage":null}],"IsSuccess":true,"ErrorMessage":"","ThreadId":null,"FullDocumentText":null,"SummaryDocumentText":null}