{"CourseInfo":{"Title":"Hayatta Başarılı Olmak İçin Etkili İletişim","Description":"Bu eğitim, etkili iletişimin tanımını, tarihsel gelişimini, bileşenlerini, sosyal beceri yaklaşımlarını, başarı ile ilişkisini ve temel anahtar kavramlarını açıklamaktadır. Katılımcılar, kişisel ve profesyonel hayatta başarı için gerekli iletişim becerilerini, modellerini ve geliştirme yöntemlerini bu kursta öğreneceklerdir.","Objective":null,"TargetAudience":null,"CourseImageUrl":"https://localhost/ContentFiles/IdealStudioFiles/1-ai-CourseCoverImage-31027e46-bff7-4de5-a4c4-9de90fd35891.png","AudioDuration":3,"SpeechAudioUrl":"https://localhost/ContentFiles/IdealStudioFiles/1-ai-CourseCoverSpeech-8f66a48d-549d-41a7-b8f4-ed93ca8dfbc1.mp3","SpeechFileName":"1-ai-CourseCoverSpeech-8f66a48d-549d-41a7-b8f4-ed93ca8dfbc1.mp3"},"Sections":[{"PageStyle":26,"YoutubeSearchKeyword":null,"Index":1,"Title":"Giriş ve Eğitimin Amacı","Description":null,"Content":{"paragraph":"Hoş geldiniz."},"NarrationText":"Hoş geldiniz. Bu eğitimde, etkili iletişimin kişisel ve profesyonel hayattaki başarıya etkisini inceleyeceğiz. Amacımız, düşünce ve duygularımızı açık, anlayışlı ve anlamlı bir şekilde karşıya aktarabilmek için gerekli olan temel iletişim becerilerini anlamak. Aktif dinleme, sözlü ve sözsüz mesajlar ile etkili geri bildirim süreçlerini detaylandırırken, iletişimin ölçütlerini ve geliştirme yollarını da ele alacağız.","Images":[],"YoutubeUrl":null,"AudioDuration":26,"SpeechAudioUrl":"https://localhost/ContentFiles/IdealStudioFiles/AI_Section_1_60a60dd3-24ba-4614-bccc-f563507d1e6c.mp3","SpeechFileName":"AI_Section_1_60a60dd3-24ba-4614-bccc-f563507d1e6c.mp3","RelevantDocumentPart":null},{"PageStyle":27,"YoutubeSearchKeyword":null,"Index":2,"Title":"Etkili İletişimin Tanımı","Description":null,"Content":{"paragraph":"Etkili iletişim, bireyin düşüncelerini, duygularını ve bilgilerini karşı tarafa anlamlı ve anlaşılır biçimde iletme yeteneğidir.","subtext1":"İletişimde güçlü beceriler, mesajların amacına uygun anlaşılmasını sağlar.","subtext2":"Etkili iletişim çok katmanlı ve dinamiktir."},"NarrationText":"Etkili iletişim, bireyin düşüncelerini, duygularını ve bilgilerini karşı tarafa anlamlı ve anlaşılır biçimde iletme yeteneğidir. Hayatımızın her anında, kişisel ilişkilerde ya da profesyonel ortamlarda, ilettiklerimizin amacına uygun anlaşılmasını sağlamak güçlü iletişim becerileriyle mümkündür. Etkili iletişim süreci, birden çok katmanı ve dinamik etkenleri içerir.","Images":[{"ImagePrompt":"communication mutual understanding","ImageSize":"W1024xH1792","ImageUrl":"https://localhost/ContentFiles/IdealStudioFiles/AI_Section_2-1ad11c16-da4c-4c27-a0e7-807f8ce8b6e3.png","IsSuccess":false,"ErrorMessage":null}],"YoutubeUrl":null,"AudioDuration":23,"SpeechAudioUrl":"https://localhost/ContentFiles/IdealStudioFiles/AI_Section_2_8b63e043-b205-4935-9217-59a492516425.mp3","SpeechFileName":"AI_Section_2_8b63e043-b205-4935-9217-59a492516425.mp3","RelevantDocumentPart":null},{"PageStyle":15,"YoutubeSearchKeyword":null,"Index":3,"Title":"Sözlü İletişim","Description":null,"Content":{"paragraph":"Sözlü iletişim, dil aracılığıyla kurulan ve kelime seçimi, tonlama ile akıcılığı kapsayan bir süreçtir.","list":"Doğru kelime ve tonlama kullanımı; Mesajın net iletilmesi; Anlatım hızına dikkat edilmesi"},"NarrationText":"Sözlü iletişim, dil aracılığıyla kurulan ve kelime seçimi, tonlama ile akıcılığı kapsayan bir süreçtir. Dilbilimsel doğruluk ve anlam bütünlüğü, mesajın yanlış anlaşılmasını engeller ve iletilen bilginin net biçimde algılanmasını sağlar. Sözlü iletişimde kullandığınız kelimeler kadar, ses tonunuz ve anlatım hızınız da büyük önem taşır.","Images":[{"ImagePrompt":"verbal communication discussion talking","ImageSize":"W1024xH1792","ImageUrl":"https://localhost/ContentFiles/IdealStudioFiles/AI_Section_3-c0ba870d-b3a0-4b14-aadf-3667166800c5.png","IsSuccess":false,"ErrorMessage":null}],"YoutubeUrl":null,"AudioDuration":20,"SpeechAudioUrl":"https://localhost/ContentFiles/IdealStudioFiles/AI_Section_3_a98f25e6-def3-49d7-9b08-dc11728ecc92.mp3","SpeechFileName":"AI_Section_3_a98f25e6-def3-49d7-9b08-dc11728ecc92.mp3","RelevantDocumentPart":null},{"PageStyle":21,"YoutubeSearchKeyword":null,"Index":4,"Title":"Sözsüz İletişim ve Önemi","Description":null,"Content":{"paragraph1":"Sözsüz iletişim, beden dili, mimikler, jestler, göz teması ve ses tonu gibi dil dışı ögelerle gerçekleşir.","paragraph2":"İletişimde mesajların büyük bölümü sözsüz öğelerle iletilir.","paragraph3":"Beden dili ve yüz ifadeleri, güvenilirlik ve etkiyi doğrudan artırır."},"NarrationText":"Sözsüz iletişim, beden dili, mimikler, jestler, göz teması ve ses tonu gibi dil dışı ögelerle gerçekleşir. Araştırmalar, iletişimde verilen mesajların %65-93'ünün sözsüz öğelerden oluştuğunu gösteriyor. Bu nedenle beden dili ve yüz ifadeleri, mesajınızın güvenilirliğini ve etkisini doğrudan artıran unsurlar arasında yer alır.","Images":[{"ImagePrompt":"body language facial expressions","ImageSize":"W1024xH1792","ImageUrl":"https://localhost/ContentFiles/IdealStudioFiles/AI_Section_4-cffdf334-e9bf-424b-9d1a-2c2f7ff6a591.png","IsSuccess":false,"ErrorMessage":null}],"YoutubeUrl":null,"AudioDuration":22,"SpeechAudioUrl":"https://localhost/ContentFiles/IdealStudioFiles/AI_Section_4_8438ef0a-68ce-49c7-9984-a03e92c0354f.mp3","SpeechFileName":"AI_Section_4_8438ef0a-68ce-49c7-9984-a03e92c0354f.mp3","RelevantDocumentPart":null},{"PageStyle":4,"YoutubeSearchKeyword":null,"Index":5,"Title":"Aktif Dinleme Nedir?","Description":null,"Content":{"paragraph":"Aktif dinleme, karşı tarafın sözlerini tam ve doğru bir şekilde anlamak için bilinçli olarak çaba göstermeyi gerektirir.","list":"Yansıtıcı geri bildirim vermek; Uygun baş hareketleri yapmak; Göz teması kurmak; Karşılıklı anlayışı ve güveni pekiştirmek"},"NarrationText":"Aktif dinleme, karşı tarafın sözlerini tam ve doğru bir şekilde anlamak için bilinçli olarak çaba göstermeyi gerektirir. Yansıtıcı geri bildirim vermek, uygun baş hareketleri yapmak ve göz teması kurmak, karşımızdaki kişiye dinlenildiğini gösterir. Bu, etkili iletişimde karşılıklı anlayışı ve güven duygusunu pekiştirir.","Images":[{"ImagePrompt":"active listening eye contact","ImageSize":"W1792xH1024","ImageUrl":"https://localhost/ContentFiles/IdealStudioFiles/AI_Section_5-201431b3-c356-4cf7-82b4-7bf53f0be24d.png","IsSuccess":false,"ErrorMessage":null}],"YoutubeUrl":null,"AudioDuration":19,"SpeechAudioUrl":"https://localhost/ContentFiles/IdealStudioFiles/AI_Section_5_9170318e-2836-40f0-80ec-bec12002be5a.mp3","SpeechFileName":"AI_Section_5_9170318e-2836-40f0-80ec-bec12002be5a.mp3","RelevantDocumentPart":null},{"PageStyle":28,"YoutubeSearchKeyword":null,"Index":6,"Title":"Geri Bildirim Mekanizmasının Rolü","Description":null,"Content":{"list":"Geri bildirim mesajın alıcıdan kaynağa cevabıdır; Doğrudan ve yapıcı geri bildirim önemlidir; Zamanında verilen geri bildirim anlayış sağlar; Geri bildirim mekanizması iletişimde vazgeçilmezdir"},"NarrationText":"Geri bildirim, iletişim sürecindeki mesajın, alıcı tarafından kaynağa iletilen cevabıdır. Doğrudan, zamanında ve yapıcı verilen geri bildirimler, mesajların doğru anlaşılmasını sağlar ve iletişim etkinliğini artırır. Etkileşimli ve sonuç odaklı bir iletişim için geri bildirim mekanizması vazgeçilmezdir.","Images":[{"ImagePrompt":"feedback communication process","ImageSize":"W1024xH1792","ImageUrl":"https://localhost/ContentFiles/IdealStudioFiles/AI_Section_6-fb8d23cd-c29a-4beb-a23c-4f1caed751b7.png","IsSuccess":false,"ErrorMessage":null}],"YoutubeUrl":null,"AudioDuration":19,"SpeechAudioUrl":"https://localhost/ContentFiles/IdealStudioFiles/AI_Section_6_0f912e33-5b46-45e3-a0e1-153a840e9501.mp3","SpeechFileName":"AI_Section_6_0f912e33-5b46-45e3-a0e1-153a840e9501.mp3","RelevantDocumentPart":null},{"PageStyle":29,"YoutubeSearchKeyword":null,"Index":7,"Title":"İletişim Modelleri: Shannon ve Weaver","Description":null,"Content":{"list":"Shannon ve Weaver modeli iletişimi temel bileşenlerle açıklar; Modelde gönderici, kanal, mesaj ve alıcı bulunur; Gürültü, iletişimdeki olası engelleri temsil eder; Çağdaş iletişim biliminin temellerinden biridir"},"NarrationText":"1948 yılında ortaya konan Shannon ve Weaver modeli, iletişimi gönderici, kanal, mesaj, alıcı ve gürültü gibi temel bileşenlerle açıklar. Bu model, çağdaş iletişim bilimlerinin temellerinden biri olarak kabul edilir ve iletişimde ortaya çıkabilecek engellerin anlaşılmasına katkı sağlar.","Images":[{"ImagePrompt":"communication model diagram","ImageSize":"W1024xH1024","ImageUrl":"https://localhost/ContentFiles/IdealStudioFiles/AI_Section_7-6c2e7176-3068-48c1-8472-9d1f7daddabc.png","IsSuccess":false,"ErrorMessage":null},{"ImagePrompt":"shannon weaver components","ImageSize":"W1024xH1024","ImageUrl":"https://localhost/ContentFiles/IdealStudioFiles/AI_Section_7-43f02e73-2e37-4f1f-a79a-1133c79a626f.png","IsSuccess":false,"ErrorMessage":null}],"YoutubeUrl":null,"AudioDuration":19,"SpeechAudioUrl":"https://localhost/ContentFiles/IdealStudioFiles/AI_Section_7_d3a56632-6830-4348-9525-0d274add9e86.mp3","SpeechFileName":"AI_Section_7_d3a56632-6830-4348-9525-0d274add9e86.mp3","RelevantDocumentPart":null},{"PageStyle":30,"YoutubeSearchKeyword":null,"Index":8,"Title":"Berlo'nun SMCR Modeli","Description":null,"Content":{"list":"Berlo'nun SMCR modeli dört ana bileşeni içerir; Kaynaktan alıcıya bilgi akışını ele alır"},"NarrationText":"1960 yılında geliştirilen Berlo'nun SMCR modeli, iletişim sürecini Kaynak, Mesaj, Kanal ve Alıcı bileşenleri üzerinden ele alır. Bu yaklaşım, mesajın kaynaktan alıcıya aktarımında hangi süreçlerin rol oynadığını ve bilgi akışının nasıl gerçekleştiğini anlamamıza yardımcı olur.","Images":[{"ImagePrompt":"SMCR communication model","ImageSize":"W1792xH1024","ImageUrl":"https://localhost/ContentFiles/IdealStudioFiles/AI_Section_8-c63d37f4-2535-4d20-8037-481e1cd74ead.png","IsSuccess":false,"ErrorMessage":null}],"YoutubeUrl":null,"AudioDuration":18,"SpeechAudioUrl":"https://localhost/ContentFiles/IdealStudioFiles/AI_Section_8_1cc5f2b8-09e5-4374-aada-7c7a734fcb89.mp3","SpeechFileName":"AI_Section_8_1cc5f2b8-09e5-4374-aada-7c7a734fcb89.mp3","RelevantDocumentPart":null},{"PageStyle":10,"YoutubeSearchKeyword":null,"Index":9,"Title":"Sosyal Beceri Kuramı","Description":null,"Content":{"paragraph1":"Sosyal Beceri Kuramı, bireyin iletişim yeteneğinin çevresel ve kişisel faktörlerle gelişebileceğini savunur.","paragraph2":"Etkili iletişim eğitimi empati ve öz-farkındalık geliştirmeye yardımcı olur."},"NarrationText":"Sosyal Beceri Kuramı, bireyin iletişim yeteneğinin çevresel ve kişisel faktörlerle gelişebileceğini savunur. Yapılan araştırmalar, etkili iletişim eğitiminin empati, öz-farkındalık ve algısal esneklik gibi sosyal becerilerin gelişimine önemli katkı sağladığını ortaya koymaktadır.","Images":[{"ImagePrompt":"social skills theory empathy","ImageSize":"W1024xH1792","ImageUrl":"https://localhost/ContentFiles/IdealStudioFiles/AI_Section_9-4e87fe22-2494-469e-9caf-0879ddc2116f.png","IsSuccess":false,"ErrorMessage":null}],"YoutubeUrl":null,"AudioDuration":17,"SpeechAudioUrl":"https://localhost/ContentFiles/IdealStudioFiles/AI_Section_9_8020ee75-6d10-4b17-a6de-a506743e4582.mp3","SpeechFileName":"AI_Section_9_8020ee75-6d10-4b17-a6de-a506743e4582.mp3","RelevantDocumentPart":null},{"PageStyle":21,"YoutubeSearchKeyword":null,"Index":10,"Title":"Güncel Yaklaşımlar: Emosyonel Zeka","Description":null,"Content":{"paragraph1":"Emosyonel Zeka, kişinin kendi ve başkalarının duygularını tanıma, anlama ve yönetme kapasitesidir.","paragraph2":"Yüksek emosyonel zeka, çatışma yönetiminde etkilidir ve ekip çalışmalarına katkı sunar.","paragraph3":"Duygusal farkındalık, modern iletişimin önemli bir yetkinliğidir."},"NarrationText":"Emosyonel Zeka, kişinin kendi ve başkalarının duygularını tanıma, anlama ve yönetme kapasitesidir. Etkili iletişimde yüksek emosyonel zeka, çatışma yönetimini güçlendirirken ekip çalışmalarında işbirliğinin sağlanmasını kolaylaştırır. Duygusal farkındalık, modern iletişimde öne çıkan bir yetkinlik olarak görülmektedir.","Images":[{"ImagePrompt":"emotional intelligence communication","ImageSize":"W1024xH1792","ImageUrl":"https://localhost/ContentFiles/IdealStudioFiles/AI_Section_10-4244f524-bcd3-4936-8b38-bfb0120190e2.png","IsSuccess":false,"ErrorMessage":null}],"YoutubeUrl":null,"AudioDuration":20,"SpeechAudioUrl":"https://localhost/ContentFiles/IdealStudioFiles/AI_Section_10_d43e23db-129a-4807-843d-c1bf89735f4b.mp3","SpeechFileName":"AI_Section_10_d43e23db-129a-4807-843d-c1bf89735f4b.mp3","RelevantDocumentPart":null},{"PageStyle":27,"YoutubeSearchKeyword":null,"Index":12,"Title":"Kültürlerarası İletişim","Description":null,"Content":{"paragraph":"Kültürlerarası iletişim, farklı toplumsal ve kültürel geçmişlere sahip bireyler arasında sağlıklı bağ kurabilme yetkinliğidir.","subtext1":"Kültürel farkındalık ve uyum yeteneği önemlidir.","subtext2":"Değerlere ve inançlara saygı, etkili iletişimin temelidir."},"NarrationText":"Kültürlerarası iletişim, farklı toplumsal ve kültürel geçmişlere sahip bireyler arasında sağlıklı bağ kurabilme yetkinliğidir. Bu süreçte, kültürel farkındalık ve uyum yeteneği büyük önem taşır. Etkili kültürlerarası iletişim, yanlış anlamaları azaltır ve güven ortamını güçlendirir. Kültürel çeşitlilik içeren ortamlarda başarılı iletişim için, tarafların birbirinin değer ve inançlarına saygılı olması esastır.","Images":[{"ImagePrompt":"intercultural communication diversity respect","ImageSize":"W1024xH1792","ImageUrl":"https://localhost/ContentFiles/IdealStudioFiles/AI_Section_12-f07f091c-fe56-4841-a55e-627e2eff1bce.png","IsSuccess":false,"ErrorMessage":null}],"YoutubeUrl":null,"AudioDuration":25,"SpeechAudioUrl":"https://localhost/ContentFiles/IdealStudioFiles/AI_Section_12_c37172f3-7cee-48fe-a38e-15d0739ed273.mp3","SpeechFileName":"AI_Section_12_c37172f3-7cee-48fe-a38e-15d0739ed273.mp3","RelevantDocumentPart":null},{"PageStyle":21,"YoutubeSearchKeyword":null,"Index":13,"Title":"İletişimin Başarı ile İlişkisi","Description":null,"Content":{"paragraph1":"Uluslararası Çalışma Örgütü ve Dünya Sağlık Örgütü raporları, yüksek iletişim becerilerine sahip bireylerin liderlik, takım çalışması ve problem çözme alanlarında daha başarılı olduğunu açıkça vurgulamaktadır.","paragraph2":"İletişim becerileri iş hayatında etkili liderlik için gereklidir.","paragraph3":"Sürdürülebilir başarıda temel kriterlerden biridir."},"NarrationText":"Uluslararası Çalışma Örgütü ve Dünya Sağlık Örgütü raporları, yüksek iletişim becerilerine sahip bireylerin liderlik, takım çalışması ve problem çözme alanlarında daha başarılı olduğunu açıkça vurgulamaktadır. İletişim becerileri, iş hayatında etkili liderlik ve sürdürülebilir başarı için temel bir kriter olarak değerlendirilmektedir.","Images":[{"ImagePrompt":"leadership teamwork communication skills","ImageSize":"W1024xH1792","ImageUrl":"https://localhost/ContentFiles/IdealStudioFiles/AI_Section_13-941cdfe8-45ff-48f0-82b4-1ce71eb3c133.png","IsSuccess":false,"ErrorMessage":null}],"YoutubeUrl":null,"AudioDuration":20,"SpeechAudioUrl":"https://localhost/ContentFiles/IdealStudioFiles/AI_Section_13_87847e2f-8801-4431-b19c-6428f66f3fe9.mp3","SpeechFileName":"AI_Section_13_87847e2f-8801-4431-b19c-6428f66f3fe9.mp3","RelevantDocumentPart":null},{"PageStyle":28,"YoutubeSearchKeyword":null,"Index":14,"Title":"İletişim Becerilerinin Ölçülmesi","Description":null,"Content":{"list":"İletişim becerilerini değerlendirmek için psikometrik testler; Davranışsal gözlem; Geribildirim ölçekleri; Bireysel ve grup bazında ölçme süreçleri"},"NarrationText":"İletişim becerilerini değerlendirmek için psikometrik testler, davranışsal gözlem ve geribildirim ölçekleri kullanılabilir. Bu araçlar, kişinin iletişimdeki güçlü ve gelişime açık yönlerini ortaya koyar. Ölçme süreçleri, bireysel veya grup bazında gerçekleştirilebilir ve gelişim ihtiyaçlarının belirlenmesinde yol göstericidir.","Images":[{"ImagePrompt":"assessment communication evaluation tools","ImageSize":"W1024xH1792","ImageUrl":"https://localhost/ContentFiles/IdealStudioFiles/AI_Section_14-ff12cde1-41d0-46aa-a4b8-807a49eab2f1.png","IsSuccess":false,"ErrorMessage":null}],"YoutubeUrl":null,"AudioDuration":20,"SpeechAudioUrl":"https://localhost/ContentFiles/IdealStudioFiles/AI_Section_14_206320c6-0005-43fe-af51-69c1317f3f1a.mp3","SpeechFileName":"AI_Section_14_206320c6-0005-43fe-af51-69c1317f3f1a.mp3","RelevantDocumentPart":null},{"PageStyle":15,"YoutubeSearchKeyword":null,"Index":15,"Title":"İletişim Becerilerinin Geliştirilmesi","Description":null,"Content":{"paragraph":"Eğitim programları, rol oynama, grup çalışmaları, etkileşimli seminerler ve geribildirim oturumlarıyla iletişim becerilerinin gelişimine destek olur.","list":"Uygulamalı eğitim teknikleriyle refleks gelişimi; Pratikle öz güvenin artırılması; Gerçek durumlarla baş etme becerisi"},"NarrationText":"Eğitim programları, rol oynama, grup çalışmaları, etkileşimli seminerler ve geribildirim oturumlarıyla iletişim becerilerinin gelişimine destek olur. Uygulamalı eğitim teknikleri, bireyin gerçek durumlarla başa çıkma reflekslerini geliştirmesini sağlar. Böylece katılımcı, öğrendiklerini pratikte kullanıp öz güvenini artırır.","Images":[{"ImagePrompt":"training workshop communication skills","ImageSize":"W1024xH1792","ImageUrl":"https://localhost/ContentFiles/IdealStudioFiles/AI_Section_15-e77eb77e-b304-4eee-894a-f91a2e76ab1e.png","IsSuccess":false,"ErrorMessage":null}],"YoutubeUrl":null,"AudioDuration":20,"SpeechAudioUrl":"https://localhost/ContentFiles/IdealStudioFiles/AI_Section_15_f6e4c12b-0a19-473a-9159-09ed3d2331cc.mp3","SpeechFileName":"AI_Section_15_f6e4c12b-0a19-473a-9159-09ed3d2331cc.mp3","RelevantDocumentPart":null},{"PageStyle":4,"YoutubeSearchKeyword":null,"Index":16,"Title":"Anahtar Kavram: Empati","Description":null,"Content":{"paragraph":"Empati, bir başkasının duygularını ve düşüncelerini anlayıp hissedebilme kapasitesidir.","list":"Etkili iletişimin temeli; Yanlış anlamaların azaltılması; Sağlıklı ilişkilerin kurulması; Karşılıklı saygının kaynağı"},"NarrationText":"Empati, bir başkasının duygularını ve düşüncelerini anlayıp hissedebilme kapasitesidir. Etkili iletişimde, empati kurabilen bireyler karşı tarafın bakış açısını daha iyi kavrar, yanlış anlamaları en aza indirir ve sağlıklı ilişkiler kurar. Empati, iletişimin temeli ve karşılıklı saygının kaynağıdır.","Images":[{"ImagePrompt":"empathy understanding communication","ImageSize":"W1792xH1024","ImageUrl":"https://localhost/ContentFiles/IdealStudioFiles/AI_Section_16-4adc056e-e6ea-421a-be50-21f178ac6478.png","IsSuccess":false,"ErrorMessage":null}],"YoutubeUrl":null,"AudioDuration":19,"SpeechAudioUrl":"https://localhost/ContentFiles/IdealStudioFiles/AI_Section_16_3749f1e6-757b-4e04-8d91-9283de200943.mp3","SpeechFileName":"AI_Section_16_3749f1e6-757b-4e04-8d91-9283de200943.mp3","RelevantDocumentPart":null},{"PageStyle":10,"YoutubeSearchKeyword":null,"Index":17,"Title":"Anahtar Kavram: Açık ve Net İfade","Description":null,"Content":{"paragraph1":"Açık ve net ifade, bilginin yalın, doğrudan ve anlaşılır biçimde aktarılması anlamına gelir.","paragraph2":"Açık iletişim, mesajların amacına uygun anlaşılmasını ve yanlış anlamaların önlenmesini kolaylaştırır."},"NarrationText":"Açık ve net ifade, bilginin yalın, doğrudan ve anlaşılır biçimde aktarılması anlamına gelir. Karmaşık ifadeler, iletişimde karışıklıklara yol açabilir. Açık iletişim sayesinde, mesajların amaçlanan şekilde anlaşılması ve yanlış anlamaların önlenmesi kolaylaşır. Bu, etkili iletişimin vazgeçilmez bir öğesidir.","Images":[{"ImagePrompt":"clear direct communication message","ImageSize":"W1024xH1792","ImageUrl":"https://localhost/ContentFiles/IdealStudioFiles/AI_Section_17-19452e84-d865-4b2e-8376-19ecfa916e8f.png","IsSuccess":false,"ErrorMessage":null}],"YoutubeUrl":null,"AudioDuration":20,"SpeechAudioUrl":"https://localhost/ContentFiles/IdealStudioFiles/AI_Section_17_a3f47095-f8c4-49ac-bf7b-b873a43aba0e.mp3","SpeechFileName":"AI_Section_17_a3f47095-f8c4-49ac-bf7b-b873a43aba0e.mp3","RelevantDocumentPart":null},{"PageStyle":27,"YoutubeSearchKeyword":null,"Index":18,"Title":"Anahtar Kavram: Algısal Esneklik","Description":null,"Content":{"paragraph":"Algısal esneklik, kişinin kendi bakış açısından çıkarak alternatif görüşleri değerlendirebilme yeteneğidir.","subtext1":"Farklı bakış açılarına açık olmak iletişimi derinleştirir.","subtext2":"Anlaşmazlıkların çözümünü kolaylaştırır."},"NarrationText":"Algısal esneklik, kişinin kendi bakış açısından çıkarak alternatif görüşleri değerlendirebilme yeteneğidir. Farklı bakış açılarına açık olmak, iletişimin derinleşmesini ve anlam zenginliğini artırır. Algısal esnekliğe sahip olmak, hem kişisel ilişkilerde hem de iş ortamında anlaşmazlıkların çözümünde büyük rol oynar.","Images":[{"ImagePrompt":"perspective flexibility communication understanding","ImageSize":"W1024xH1792","ImageUrl":"https://localhost/ContentFiles/IdealStudioFiles/AI_Section_18-aa3be8af-b1d5-4b7d-95b7-9b5b5914f551.png","IsSuccess":false,"ErrorMessage":null}],"YoutubeUrl":null,"AudioDuration":19,"SpeechAudioUrl":"https://localhost/ContentFiles/IdealStudioFiles/AI_Section_18_c833e6dc-1290-43cd-b0d7-118cd0069364.mp3","SpeechFileName":"AI_Section_18_c833e6dc-1290-43cd-b0d7-118cd0069364.mp3","RelevantDocumentPart":null},{"PageStyle":30,"YoutubeSearchKeyword":null,"Index":19,"Title":"Anahtar Kavram: Geribildirim Döngüsü","Description":null,"Content":{"list":"Geribildirim döngüsü bilgi aktarımı ve yanıt süreçlerini kapsar; Etkin döngü iletişimde anlayış ve gelişim sağlar"},"NarrationText":"Geribildirim döngüsü, iletişimde bilgi aktarımı ve yanıt süreçlerinin tamamını kapsar. Gönderilmiş mesaja verilen cevaplar, iletişimin sağlıklı ve sürekli olmasını sağlar. Etkin bir geribildirim döngüsü, karşılıklı anlayış ve gelişim için olmazsa olmaz bir süreçtir. Bu yaklaşım, iletişimde etkileşimi canlı tutar.","Images":[{"ImagePrompt":"feedback cycle communication process","ImageSize":"W1792xH1024","ImageUrl":"https://localhost/ContentFiles/IdealStudioFiles/AI_Section_19-3b9a8035-5d29-47cd-ad01-5b965ef7a1cf.png","IsSuccess":false,"ErrorMessage":null}],"YoutubeUrl":null,"AudioDuration":20,"SpeechAudioUrl":"https://localhost/ContentFiles/IdealStudioFiles/AI_Section_19_3e408c79-3b00-4626-917b-a7020dabb3b7.mp3","SpeechFileName":"AI_Section_19_3e408c79-3b00-4626-917b-a7020dabb3b7.mp3","RelevantDocumentPart":null},{"PageStyle":29,"YoutubeSearchKeyword":null,"Index":20,"Title":"Sonuç ve Hatırlatmalar","Description":null,"Content":{"list":"Etkili iletişim hem kişisel hem profesyonel başarıda anahtar rol oynar; Eğitim ve farklı beceriler iletişimi geliştirir; Kültürel farkındalık ve emosyonel zekâ iletişimi güçlendirir; Sürekli gelişim, ölçüm ve uygulama başarılı iletişim için temeldir"},"NarrationText":"Etkili iletişim; sözlü, sözsüz, aktif dinleme ve geribildirim süreçleriyle bireyin hem kişisel hem de profesyonel başarıya ulaşmasında anahtar rol oynar. Eğitimle birlikte, empati, açık ifade, algısal esneklik gibi beceriler gelişir. Kültürel farkındalık ve emosyonel zekâ ise iletişimi güçlendirir. Sürekli gelişim, ölçüm ve uygulama ise başarılı iletişimin temel taşlarıdır.","Images":[{"ImagePrompt":"communication personal professional success","ImageSize":"W1024xH1024","ImageUrl":"https://localhost/ContentFiles/IdealStudioFiles/AI_Section_20-00fc9168-9de9-4868-b4b5-2c500f22e384.png","IsSuccess":false,"ErrorMessage":null},{"ImagePrompt":"continuous improvement communication","ImageSize":"W1024xH1024","ImageUrl":"https://localhost/ContentFiles/IdealStudioFiles/AI_Section_20-ff9bc67c-bff7-48ed-984b-ad2c65772882.png","IsSuccess":false,"ErrorMessage":null}],"YoutubeUrl":null,"AudioDuration":25,"SpeechAudioUrl":"https://localhost/ContentFiles/IdealStudioFiles/AI_Section_20_c2c9971e-bd60-48c6-9a8a-01d8d8ec3056.mp3","SpeechFileName":"AI_Section_20_c2c9971e-bd60-48c6-9a8a-01d8d8ec3056.mp3","RelevantDocumentPart":null},{"PageStyle":11,"YoutubeSearchKeyword":"Hayatta Başarılı Olmak İçin Etkili İletişim","Index":11,"Title":"Hayatta Başarılı Olmak İçin Etkili İletişim","Description":null,"Content":null,"NarrationText":null,"Images":null,"YoutubeUrl":"https://www.youtube.com/watch?v=nLHzBVnUUTg","AudioDuration":0,"SpeechAudioUrl":null,"SpeechFileName":null,"RelevantDocumentPart":null},{"PageStyle":12,"YoutubeSearchKeyword":null,"Index":21,"Title":"Question 1","Description":null,"Content":null,"NarrationText":null,"Images":null,"YoutubeUrl":null,"AudioDuration":4,"SpeechAudioUrl":"https://localhost/ContentFiles/IdealStudioFiles/1-21_ai_Question2f1ce629-e371-41c6-b18c-41f4db62cae2.mp3","SpeechFileName":"1-21_ai_Question2f1ce629-e371-41c6-b18c-41f4db62cae2.mp3","RelevantDocumentPart":null},{"PageStyle":13,"YoutubeSearchKeyword":null,"Index":22,"Title":"Question 2","Description":null,"Content":null,"NarrationText":null,"Images":null,"YoutubeUrl":null,"AudioDuration":4,"SpeechAudioUrl":"https://localhost/ContentFiles/IdealStudioFiles/1-22_ai_Questionc3de9d2b-a245-4fa6-801c-b5b90dcfeddc.mp3","SpeechFileName":"1-22_ai_Questionc3de9d2b-a245-4fa6-801c-b5b90dcfeddc.mp3","RelevantDocumentPart":null},{"PageStyle":14,"YoutubeSearchKeyword":null,"Index":23,"Title":"Question 3","Description":null,"Content":null,"NarrationText":null,"Images":null,"YoutubeUrl":null,"AudioDuration":4,"SpeechAudioUrl":"https://localhost/ContentFiles/IdealStudioFiles/1-23_ai_Questiona8f3ef56-b23e-4e00-b176-a6bf90119987.mp3","SpeechFileName":"1-23_ai_Questiona8f3ef56-b23e-4e00-b176-a6bf90119987.mp3","RelevantDocumentPart":null},{"PageStyle":12,"YoutubeSearchKeyword":null,"Index":24,"Title":"Question 4","Description":null,"Content":null,"NarrationText":null,"Images":null,"YoutubeUrl":null,"AudioDuration":5,"SpeechAudioUrl":"https://localhost/ContentFiles/IdealStudioFiles/1-24_ai_Question0c20abb2-85ef-435e-b440-e2d6c76a522d.mp3","SpeechFileName":"1-24_ai_Question0c20abb2-85ef-435e-b440-e2d6c76a522d.mp3","RelevantDocumentPart":null},{"PageStyle":13,"YoutubeSearchKeyword":null,"Index":25,"Title":"Question 5","Description":null,"Content":null,"NarrationText":null,"Images":null,"YoutubeUrl":null,"AudioDuration":6,"SpeechAudioUrl":"https://localhost/ContentFiles/IdealStudioFiles/1-25_ai_Question0bdff436-ed6c-408e-baeb-d4c8642a5014.mp3","SpeechFileName":"1-25_ai_Question0bdff436-ed6c-408e-baeb-d4c8642a5014.mp3","RelevantDocumentPart":null},{"PageStyle":14,"YoutubeSearchKeyword":null,"Index":26,"Title":"Question 6","Description":null,"Content":null,"NarrationText":null,"Images":null,"YoutubeUrl":null,"AudioDuration":4,"SpeechAudioUrl":"https://localhost/ContentFiles/IdealStudioFiles/1-26_ai_Question7542b8e9-ac89-405d-afbe-a6fe3f73bb0f.mp3","SpeechFileName":"1-26_ai_Question7542b8e9-ac89-405d-afbe-a6fe3f73bb0f.mp3","RelevantDocumentPart":null},{"PageStyle":100,"YoutubeSearchKeyword":null,"Index":100,"Title":"Şimdi Sıra Sizde","Description":null,"Content":"\"%3Cp%20style=%22text-align:%20center;%22%3E%3Cspan%20style=%22font-size:2.857142857142857em;%22%3E%3Cspan%20style=%22color:#ffffff;%22%3E%3Cspan%20style=%22font-family:Alata,sans-serif;%22%3E%C5%9Eimdi%20%3C/span%3E%3C/span%3E%3C/span%3E%3C/p%3E%0A%0A%3Cp%20style=%22text-align:%20center;%22%3E%C2%A0%3C/p%3E%0A%0A%3Cp%20style=%22text-align:%20center;%22%3E%3Cspan%20style=%22font-size:2.857142857142857em;%22%3E%3Cspan%20style=%22color:#ffffff;%22%3E%3Cspan%20style=%22font-family:Alata,sans-serif;%22%3ES%C4%B1ra%20Sizde%3C/span%3E%3C/span%3E%3C/span%3E%3C/p%3E%0A\"","NarrationText":null,"Images":null,"YoutubeUrl":null,"AudioDuration":2,"SpeechAudioUrl":"https://localhost/ContentFiles/IdealStudioFiles/AI_Section_100_7e062656-8f40-4a8e-946a-0a9eb053c08a.mp3","SpeechFileName":"AI_Section_100_7e062656-8f40-4a8e-946a-0a9eb053c08a.mp3","RelevantDocumentPart":null},{"PageStyle":101,"YoutubeSearchKeyword":null,"Index":101,"Title":"Tebrikler, Eğitimi Tamamladınız","Description":null,"Content":"\"%3Cp%20style=%22text-align:%20center;%22%3E%3Cspan%20style=%22color:#ffffff;%22%3E%3Cspan%20style=%22font-size:2.5em;%22%3E%3Cspan%20style=%22font-family:Alata,sans-serif;%22%3E%3Cstrong%3ETebrikler,%20E%C4%9Fitimi%20Tamamlad%C4%B1n%C4%B1z%3C/strong%3E%3C/span%3E%3C/span%3E%3C/span%3E%3C/p%3E%0A\"","NarrationText":null,"Images":null,"YoutubeUrl":null,"AudioDuration":3,"SpeechAudioUrl":"https://localhost/ContentFiles/IdealStudioFiles/AI_Section_101_2850b402-5396-44ec-81da-b7b08156a557.mp3","SpeechFileName":"AI_Section_101_2850b402-5396-44ec-81da-b7b08156a557.mp3","RelevantDocumentPart":null}],"GeneralQuiz":[{"Index":21,"Type":0,"Question":"Etkili iletişimin temel özelliği aşağıdakilerden hangisidir?","Options":["Sadece beden dili ve mimiklerin doğru kullanılması","İletişimde hızlı konuşmanın önemi","Düşüncelerin ve bilgilerin karşı tarafa anlamlı ve anlaşılır biçimde iletilmesi","Sadece sözsüz mesajların doğru yorumlanması"],"CorrectAnswers":["Düşüncelerin ve bilgilerin karşı tarafa anlamlı ve anlaşılır biçimde iletilmesi"],"Statements":null,"IsSuccess":true,"ErrorMessage":null},{"Index":22,"Type":1,"Question":"Aşağıdakilerden hangileri sözlü iletişimin önemli unsurlarıdır?","Options":["Tonlama","Göz teması","Kelime seçimi","Yazılı metin hazırlama"],"CorrectAnswers":["Tonlama","Kelime seçimi"],"Statements":null,"IsSuccess":true,"ErrorMessage":null},{"Index":23,"Type":2,"Question":"Aşağıdaki ifadelerin Doğru mu Yanlış mı olduğuna karar verin","Options":null,"CorrectAnswers":null,"Statements":[{"Statement":"Geri bildirim mekanizması iletişimde vazgeçilebilir bir öğedir.","Answer":"False"},{"Statement":"Aktif dinleme, karşı tarafın sözlerini tam olarak anlamak için bilinçli çaba göstermeyi gerektirir.","Answer":"True"},{"Statement":"Etkili iletişim sadece kişisel başarı değil, profesyonel başarı için de gereksizdir.","Answer":"False"},{"Statement":"Algısal esneklik, farklı bakış açılarını değerlendirebilme yeteneğidir.","Answer":"True"}],"IsSuccess":true,"ErrorMessage":null},{"Index":24,"Type":0,"Question":"Berlo'nun SMCR modeli iletişimde hangi temel bileşenleri içerir?","Options":["Sendika, Mesaj, Kanal, Röportaj","Gönderici, Geri Bildirim, Gürültü, Alıcı","Kaynak, Mesaj, Kanal, Alıcı","İçerik, Tonlama, Jest, Mimic"],"CorrectAnswers":["Kaynak, Mesaj, Kanal, Alıcı"],"Statements":null,"IsSuccess":true,"ErrorMessage":null},{"Index":25,"Type":1,"Question":"Aşağıdakilerden hangileri iletişim becerilerinin geliştirilmesi için uygun yöntemlerdir?","Options":["Rol oynama","Pasif dinleme","Grup çalışmaları","Tek yönlü iletişim"],"CorrectAnswers":["Rol oynama","Grup çalışmaları"],"Statements":null,"IsSuccess":true,"ErrorMessage":null},{"Index":26,"Type":2,"Question":"Aşağıdaki ifadelerin Doğru mu Yanlış mı olduğuna karar verin","Options":null,"CorrectAnswers":null,"Statements":[{"Statement":"Kültürlerarası iletişimde değer ve inançlara saygı önemsizdir.","Answer":"False"},{"Statement":"Emosyonel zeka, kişinin kendi ve başkalarının duygularını anlama ve yönetme kapasitesidir.","Answer":"True"},{"Statement":"Geri bildirim zamanında verilmesinin iletişimde bir önemi yoktur.","Answer":"False"},{"Statement":"İletişim becerileri liderlik ve takım çalışmasında başarıyı artırır.","Answer":"True"}],"IsSuccess":true,"ErrorMessage":null}],"IsSuccess":true,"ErrorMessage":"","ThreadId":null,"FullDocumentText":null,"SummaryDocumentText":null}