{"CourseInfo":{"Title":"Hayatta Başarılı Olmak İçin Etkili İletişim Eğitimi","Description":"Etkili iletişimin tanımından temel bileşenlerine, türlerinden tarihsel gelişimine ve önemli kuramsal yaklaşımlarına kadar kapsamlı bilgilere yer veren bu eğitimde, çeşitli iletişim türleri ve süreçleri, temel iletişim becerileri, iletişimin kişisel ve profesyonel başarıya katkıları ile eğitim ve toplumsal yaşamda rolü detaylı biçimde açıklanmaktadır. Tüm içerik yalnızca dokümandaki bilimsel bulgular ve öne çıkan kavramlara dayanmaktadır.","Objective":null,"TargetAudience":null,"CourseImageUrl":"https://localhost/ContentFiles/IdealStudioFiles/1-ai-CourseCoverImage-55bc237e-bd3c-4d77-89ee-9c339e8ad5b0.png","AudioDuration":3,"SpeechAudioUrl":"https://localhost/ContentFiles/IdealStudioFiles/1-ai-CourseCoverSpeech-fa972445-b4e1-4674-b5a3-ee4f061e3c84.mp3","SpeechFileName":"1-ai-CourseCoverSpeech-fa972445-b4e1-4674-b5a3-ee4f061e3c84.mp3"},"Sections":[{"PageStyle":26,"YoutubeSearchKeyword":null,"Index":1,"Title":"Etkili İletişime Giriş","Description":null,"Content":{"paragraph":"Hoş geldiniz!"},"NarrationText":"Hoş geldiniz! Bu eğitimde, başarılı bir hayat için etkili iletişim becerilerinin önemini keşfedeceğiz. Etkili iletişim, sadece bilgi ve becerilerle sınırlı değildir; aynı zamanda duygularımızı ve düşüncelerimizi başkalarına uygun biçimde aktarma kapasitemizi de kapsar. Eğitim boyunca temel kavramları, teorileri ve iletişim becerilerini, kişisel ve profesyonel yaşamdaki katkılarını öğreneceksiniz.","Images":[],"YoutubeUrl":null,"AudioDuration":24,"SpeechAudioUrl":"https://localhost/ContentFiles/IdealStudioFiles/AI_Section_1_72fee096-2bd3-4170-ac6f-ec191481b22a.mp3","SpeechFileName":"AI_Section_1_72fee096-2bd3-4170-ac6f-ec191481b22a.mp3","RelevantDocumentPart":null},{"PageStyle":27,"YoutubeSearchKeyword":null,"Index":2,"Title":"Etkili İletişimin Tanımı ve Önemi","Description":null,"Content":{"paragraph":"Etkili iletişim, bilgi, düşünce, duygu ve tutumların başarılı bir şekilde aktarılmasını sağlayan önemli bir süreçtir.","subtext1":"İletişim başarıya giden anahtardır.","subtext2":"Kişisel ve profesyonel yaşamda etkilidir."},"NarrationText":"Etkili iletişim, bilgi, düşünce, duygu ve tutumların başarılı bir şekilde aktarılmasını sağlayan önemli bir süreçtir. Bireylerin sahip olduğu bilgi ve becerilerin, karşı tarafa doğru biçimde iletilebilmesi hayattaki başarının anahtarıdır. Bu ilişki, yapılan araştırmalarla kişisel ve profesyonel başarıyla doğrudan bağlantılı olarak gösterilmiştir.","Images":[{"ImagePrompt":"effective communication success key","ImageSize":"W1024xH1792","ImageUrl":"https://localhost/ContentFiles/IdealStudioFiles/AI_Section_2-d4a3c22e-d559-430d-a52a-5bda0688cc1d.png","IsSuccess":false,"ErrorMessage":null}],"YoutubeUrl":null,"AudioDuration":21,"SpeechAudioUrl":"https://localhost/ContentFiles/IdealStudioFiles/AI_Section_2_e141dbd1-41e8-4d1a-b7fe-1e855bbb87b3.mp3","SpeechFileName":"AI_Section_2_e141dbd1-41e8-4d1a-b7fe-1e855bbb87b3.mp3","RelevantDocumentPart":null},{"PageStyle":15,"YoutubeSearchKeyword":null,"Index":3,"Title":"İletişim Türlerine Genel Bakış","Description":null,"Content":{"paragraph":"İletişim, farklı biçimlerde gerçekleşir.","list":"Sözlü iletişim ; Sözsüz iletişim ; Yazılı ve dijital iletişim"},"NarrationText":"İletişim, farklı biçimlerde gerçekleşir. Sözlü iletişimde, konuşma diliyle dolaysız etkileşim sağlanır. Sözsüz iletişimde ise jest, mimik, vücut dili, göz teması ve ses tonu anlamı destekler veya değiştirir. Yazılı iletişim, düşünce ve bilgilerin belgelerle aktarılmasını kapsar. Dijital iletişim ise elektronik ortamlarda, e-posta ve sosyal medya gibi araçlarla gerçekleşir.","Images":[{"ImagePrompt":"communication types verbal nonverbal written digital","ImageSize":"W1024xH1792","ImageUrl":"https://localhost/ContentFiles/IdealStudioFiles/AI_Section_3-fecc262f-0d9c-4c61-8753-24ce00d28c67.png","IsSuccess":false,"ErrorMessage":null}],"YoutubeUrl":null,"AudioDuration":25,"SpeechAudioUrl":"https://localhost/ContentFiles/IdealStudioFiles/AI_Section_3_996fa536-93f9-4a2a-bd69-85a3b898a603.mp3","SpeechFileName":"AI_Section_3_996fa536-93f9-4a2a-bd69-85a3b898a603.mp3","RelevantDocumentPart":null},{"PageStyle":21,"YoutubeSearchKeyword":null,"Index":4,"Title":"Sözlü İletişimin Özellikleri","Description":null,"Content":{"paragraph1":"Sözlü iletişim, dilin konuşmayla aktif olarak kullanıldığı bir etkileşim biçimidir.","paragraph2":"Mesajlar, doğrudan ve hızlı şekilde alıcıya ulaşır.","paragraph3":"Yüz yüze ve telefon ile sıkça kullanılır."},"NarrationText":"Sözlü iletişim, dilin konuşmayla aktif olarak kullanıldığı bir etkileşim biçimidir. Bu yöntemle mesajlar, doğrudan ve genellikle hızlı bir şekilde alıcıya ulaşır. Dinleyici ile anında geri bildirim sağlanabilir. Günlük hayatımızda ve iş ortamlarında, yüz yüze veya telefon aracılığıyla sıkça tercih edilen etkili bir iletişim yöntemidir.","Images":[{"ImagePrompt":"people speaking face to face phone","ImageSize":"W1024xH1792","ImageUrl":"https://localhost/ContentFiles/IdealStudioFiles/AI_Section_4-4670475d-45e4-4dc2-a537-08a32097fc32.png","IsSuccess":false,"ErrorMessage":null}],"YoutubeUrl":null,"AudioDuration":21,"SpeechAudioUrl":"https://localhost/ContentFiles/IdealStudioFiles/AI_Section_4_d977a29c-5f21-43ec-92e2-ace1e0e7d2a2.mp3","SpeechFileName":"AI_Section_4_d977a29c-5f21-43ec-92e2-ace1e0e7d2a2.mp3","RelevantDocumentPart":null},{"PageStyle":4,"YoutubeSearchKeyword":null,"Index":5,"Title":"Sözsüz İletişimin Önemi","Description":null,"Content":{"paragraph":"Sözsüz iletişim, jest, mimik, vücut dili, göz teması ve ses tonunu içerir.","list":"Sözlü mesajları destekler ; Duygu ve niyetleri aktarır ; Bazen sözlüden daha etkilidir ; İletişimde belirleyici olabilir"},"NarrationText":"Sözsüz iletişim, jest, mimik, vücut dili, göz teması ve ses tonunu içerir. Bu tür iletişim, sözlü mesajları destekleyebilir veya aktarılan anlamı güçlendirebilir. Özellikle duyguların ve niyetlerin anlaşılmasında etkili rol oynar. Çoğu zaman, verilen sözlü mesajdan daha güçlü bir izlenim bırakabilir ve iletişimin başarısında belirleyici olabilir.","Images":[{"ImagePrompt":"body language gestures facial expressions","ImageSize":"W1792xH1024","ImageUrl":"https://localhost/ContentFiles/IdealStudioFiles/AI_Section_5-88522512-b187-4003-95b9-f521348b8880.png","IsSuccess":false,"ErrorMessage":null}],"YoutubeUrl":null,"AudioDuration":23,"SpeechAudioUrl":"https://localhost/ContentFiles/IdealStudioFiles/AI_Section_5_41f0916a-5f8f-4c77-8fe6-1794f19f79dc.mp3","SpeechFileName":"AI_Section_5_41f0916a-5f8f-4c77-8fe6-1794f19f79dc.mp3","RelevantDocumentPart":null},{"PageStyle":28,"YoutubeSearchKeyword":null,"Index":6,"Title":"Yazılı İletişim ve Kullanım Alanları","Description":null,"Content":{"list":"Resmi yazışmalar ; E-postalar ; Raporlar ; Mesajlar"},"NarrationText":"Yazılı iletişim, bilgilerin ve düşüncelerin yazılı belgeler aracılığıyla aktarılmasıdır. Resmi yazışmalar, e-postalar, raporlar ve mesajlar bu kapsamda değerlendirilir. Yazılı iletişim, içeriğin kalıcı olmasını sağlarken, mesajın net ve anlaşılır olmasına özen gösterilmelidir. Bu yöntem, özellikle karmaşık bilgilerin aktarılmasında tercih edilir.","Images":[{"ImagePrompt":"written communication documents email report","ImageSize":"W1024xH1792","ImageUrl":"https://localhost/ContentFiles/IdealStudioFiles/AI_Section_6-3ebb0658-932e-4cad-94eb-9559c3f930d3.png","IsSuccess":false,"ErrorMessage":null}],"YoutubeUrl":null,"AudioDuration":22,"SpeechAudioUrl":"https://localhost/ContentFiles/IdealStudioFiles/AI_Section_6_858370d6-533b-4f56-89a4-d6d200bf218d.mp3","SpeechFileName":"AI_Section_6_858370d6-533b-4f56-89a4-d6d200bf218d.mp3","RelevantDocumentPart":null},{"PageStyle":29,"YoutubeSearchKeyword":null,"Index":7,"Title":"Dijital İletişimin Yükselişi","Description":null,"Content":{"list":"E-posta ve sosyal medya iletişimi ; Hızlı ve geniş erişim ; Duygusal ifade eksikliği riski ; Yanlış anlaşılma mümkün"},"NarrationText":"Dijital iletişim, günümüzde hızla önem kazanan bir iletişim biçimidir. E-posta, mesajlaşma uygulamaları ve sosyal medya platformları üzerinden bilgi ve duygu paylaşımı sağlanır. Dijital ortamlar, hızlı erişim ve geniş kitlelere ulaşma imkânı sunar. Ancak, dijital iletişimde iletinin yanlış anlaşılması ve eksik duygusal ifade gibi zorluklar da ortaya çıkabilir.","Images":[{"ImagePrompt":"digital communication email social media","ImageSize":"W1024xH1024","ImageUrl":"https://localhost/ContentFiles/IdealStudioFiles/AI_Section_7-e44688b5-cc93-44b4-ac08-d470dd9d646d.png","IsSuccess":false,"ErrorMessage":null},{"ImagePrompt":"online messaging smartphone chat","ImageSize":"W1024xH1024","ImageUrl":"https://localhost/ContentFiles/IdealStudioFiles/AI_Section_7-52be0ec8-e9a2-45f3-85a0-3a8a60f0f4c5.png","IsSuccess":false,"ErrorMessage":null}],"YoutubeUrl":null,"AudioDuration":23,"SpeechAudioUrl":"https://localhost/ContentFiles/IdealStudioFiles/AI_Section_7_8a065f20-1847-4d77-b56d-89601a408b04.mp3","SpeechFileName":"AI_Section_7_8a065f20-1847-4d77-b56d-89601a408b04.mp3","RelevantDocumentPart":null},{"PageStyle":30,"YoutubeSearchKeyword":null,"Index":8,"Title":"İletişim Sürecinin Temel Öğeleri","Description":null,"Content":{"list":"İletişimin temel öğeleri: Kaynak, mesaj, kanal, alıcı, geribildirim, gürültü ; Geribildirim ve gürültü iletişimi etkiler"},"NarrationText":"İletişim süreci; kaynak, mesaj, kanal, alıcı, geribildirim ve gürültü olmak üzere altı temel öğeden oluşur. Kaynak, iletiyi başlatan kişidir. Mesaj, iletilmek istenen bilgi ya da duygudur. Kanal, mesajın iletildiği yol, alıcı ise iletiyi alan kişidir. Geribildirim, alıcıdan kaynağa dönen yanıtı ifade ederken, gürültü iletişimi engelleyen unsurlardır.","Images":[{"ImagePrompt":"communication process elements diagram","ImageSize":"W1792xH1024","ImageUrl":"https://localhost/ContentFiles/IdealStudioFiles/AI_Section_8-34312905-7e3f-47f6-8b64-63490b54af09.png","IsSuccess":false,"ErrorMessage":null}],"YoutubeUrl":null,"AudioDuration":25,"SpeechAudioUrl":"https://localhost/ContentFiles/IdealStudioFiles/AI_Section_8_0a132f00-ef22-494f-8412-b137711cd3fb.mp3","SpeechFileName":"AI_Section_8_0a132f00-ef22-494f-8412-b137711cd3fb.mp3","RelevantDocumentPart":null},{"PageStyle":10,"YoutubeSearchKeyword":null,"Index":9,"Title":"Kaynak ve Mesaj Nedir?","Description":null,"Content":{"paragraph1":"Kaynak, iletişimi başlatan kişi ya da kuruluştur.","paragraph2":"Mesaj net ve anlaşılır olmalıdır."},"NarrationText":"Kaynak, iletişimi başlatan kişi ya da kuruluştur. Bu kişi, aktarmak istediği mesajı oluşturur ve seçtiği kanal aracılığıyla iletir. Mesaj ise, kaynağın iletmek istediği bilgi, duygu ya da düşüncedir. Mesajın net, anlaşılır ve alıcıya uygun şekilde hazırlanması, iletişimin etkili olmasında büyük rol oynar.","Images":[{"ImagePrompt":"message sender clear communication concept","ImageSize":"W1024xH1792","ImageUrl":"https://localhost/ContentFiles/IdealStudioFiles/AI_Section_9-f3e82934-5093-469f-9550-2b05bbf5cbc1.png","IsSuccess":false,"ErrorMessage":null}],"YoutubeUrl":null,"AudioDuration":20,"SpeechAudioUrl":"https://localhost/ContentFiles/IdealStudioFiles/AI_Section_9_6c766c6d-7436-4ad4-b22f-cf5d37376cfd.mp3","SpeechFileName":"AI_Section_9_6c766c6d-7436-4ad4-b22f-cf5d37376cfd.mp3","RelevantDocumentPart":null},{"PageStyle":21,"YoutubeSearchKeyword":null,"Index":10,"Title":"Kanal ve Alıcının Rolü","Description":null,"Content":{"paragraph1":"Kanal, mesajın iletilmesini sağlayan ortam veya araçtır.","paragraph2":"Her kanalın avantajları farklıdır.","paragraph3":"Alıcı, mesajı anlamlandırır ve geribildirim sağlar."},"NarrationText":"Kanal, mesajın iletilmesini sağlayan ortam veya araçtır; örneğin yüz yüze görüşme, telefon, yazılı metin veya dijital platformlar. Her kanalın kendine özgü avantajları vardır. Alıcı ise mesajı alan kişi ya da gruptur. Alıcı, mesajı anlamlandırır ve yanıt verir. Etkili iletişim, doğru kanal seçimi ve alıcının mesajı doğru anlamasıyla mümkündür.","Images":[{"ImagePrompt":"communication channels recipient interaction","ImageSize":"W1024xH1792","ImageUrl":"https://localhost/ContentFiles/IdealStudioFiles/AI_Section_10-b35132a3-4e55-41bd-a20a-58b3f46efe4a.png","IsSuccess":false,"ErrorMessage":null}],"YoutubeUrl":null,"AudioDuration":24,"SpeechAudioUrl":"https://localhost/ContentFiles/IdealStudioFiles/AI_Section_10_31a1925d-44b2-4bf4-9904-6c861432ae79.mp3","SpeechFileName":"AI_Section_10_31a1925d-44b2-4bf4-9904-6c861432ae79.mp3","RelevantDocumentPart":null},{"PageStyle":27,"YoutubeSearchKeyword":null,"Index":12,"Title":"Geribildirim ve Gürültü Kavramları","Description":null,"Content":{"paragraph":"Geribildirim, alıcı tarafından kaynağa verilen tepki veya yanıtı tanımlar.","subtext1":"Mesajın doğru anlaşılıp anlaşılmadığını ortaya çıkarır ve iletişimi daha etkili hâle getirir.","subtext2":"Gürültü ise iletişim sürecini bozabilen faktörler olup, iletişim performansını olumsuz etkiler."},"NarrationText":"Geribildirim, alıcı tarafından kaynağa verilen tepki veya yanıtı tanımlar. Mesajın doğru anlaşılıp anlaşılmadığını ortaya çıkarır ve iletişimi daha etkili hâle getirir. Gürültü ise, iletişim sürecini bozabilen fiziksel, psikolojik veya semantik faktörlerdir. Gürültü unsurları, mesajın eksik ya da yanlış anlaşılmasına neden olabilir ve iletişim performansını olumsuz etkiler.","Images":[{"ImagePrompt":"feedback communication noise","ImageSize":"W1024xH1792","ImageUrl":"https://localhost/ContentFiles/IdealStudioFiles/AI_Section_12-1e3dd8fe-cf2f-4dfd-a886-1e823b28c4ee.png","IsSuccess":false,"ErrorMessage":null}],"YoutubeUrl":null,"AudioDuration":23,"SpeechAudioUrl":"https://localhost/ContentFiles/IdealStudioFiles/AI_Section_12_e2860b34-c8b7-4837-b48b-ccae1ad69db1.mp3","SpeechFileName":"AI_Section_12_e2860b34-c8b7-4837-b48b-ccae1ad69db1.mp3","RelevantDocumentPart":null},{"PageStyle":21,"YoutubeSearchKeyword":null,"Index":13,"Title":"İletişim Tarihine Kısa Bir Bakış","Description":null,"Content":{"paragraph1":"Etkili iletişim kavramı, 20. yüzyıl başından itibaren sistematik olarak incelenmeye başlanmıştır.","paragraph2":"Shannon-Weaver Modeli (1948), iletişimin matematiksel temellerini ortaya koymuş ve sürecin tüm bileşenlerini tanımlamıştır.","paragraph3":"Bu tarihten itibaren iletişim, sosyal psikoloji, dilbilim ve diğer alanlarda detaylı şekilde ele alınmıştır."},"NarrationText":"Etkili iletişim kavramı, 20. yüzyıl başından itibaren sistematik olarak incelenmeye başlanmıştır. Shannon-Weaver Modeli (1948), iletişimin matematiksel temellerini ortaya koyarken, iletişim sürecinin tüm bileşenlerini tanımlamıştır. Bu tarihten itibaren iletişim, sosyal psikoloji, dilbilim, eğitim ve örgüt araştırmaları alanlarında detaylı şekilde ele alınmıştır.","Images":[{"ImagePrompt":"communication history timeline","ImageSize":"W1024xH1792","ImageUrl":"https://localhost/ContentFiles/IdealStudioFiles/AI_Section_13-9974886c-9ee1-46ef-88d5-44fd94633285.png","IsSuccess":false,"ErrorMessage":null}],"YoutubeUrl":null,"AudioDuration":25,"SpeechAudioUrl":"https://localhost/ContentFiles/IdealStudioFiles/AI_Section_13_d2c6a4e2-6a21-417b-877b-e51060ad5af7.mp3","SpeechFileName":"AI_Section_13_d2c6a4e2-6a21-417b-877b-e51060ad5af7.mp3","RelevantDocumentPart":null},{"PageStyle":28,"YoutubeSearchKeyword":null,"Index":14,"Title":"Shannon-Weaver İletişim Modeli","Description":null,"Content":{"list":"Shannon-Weaver İletişim Modeli, 1948'de geliştirilmiş olup iletişimin matematiğine dayanır.;Kaynak, mesaj, kanal, alıcı, geribildirim ve gürültü temel bileşenleridir.;Model, iletişimin sistematik bir süreç olduğunu vurgular.;İletişim bilimlerinde önemli bir referans noktasıdır."},"NarrationText":"Shannon-Weaver İletişim Modeli, 1948'de geliştirilmiş olup iletişimin matematiğine dayanır. Bu model, kaynak, mesaj, kanal, alıcı, geribildirim ve gürültü gibi temel bileşenleri ortaya koyar. Böylece, iletişimin sistematik bir süreç olduğu ve her bir unsurun etkili iletişim için kritik rol oynadığı vurgulanır. Model, iletişim bilimlerinde önemli bir referans noktasıdır.","Images":[{"ImagePrompt":"shannon weaver communication model","ImageSize":"W1024xH1792","ImageUrl":"https://localhost/ContentFiles/IdealStudioFiles/AI_Section_14-96b75a03-e9a8-4034-a2d1-a5faa9cf5676.png","IsSuccess":false,"ErrorMessage":null}],"YoutubeUrl":null,"AudioDuration":25,"SpeechAudioUrl":"https://localhost/ContentFiles/IdealStudioFiles/AI_Section_14_dd509dab-d3ac-42e0-a1c8-f39182a713bb.mp3","SpeechFileName":"AI_Section_14_dd509dab-d3ac-42e0-a1c8-f39182a713bb.mp3","RelevantDocumentPart":null},{"PageStyle":15,"YoutubeSearchKeyword":null,"Index":15,"Title":"Berlo’nun SMCR Modeli","Description":null,"Content":{"paragraph":"Berlo’nun SMCR Modeli, iletişim sürecinde dört ana unsuru öne çıkarır: Kaynak, Mesaj, Kanal, Alıcı.","list":"Model, mesajın etkili şekilde iletilmesinde tüm unsurların uyumuna dikkat çeker.;Kaynak ve alıcı arasındaki bilgi, tutum ve beceri düzeyi iletişimi etkiler.;1960 yılında geliştirilmiştir."},"NarrationText":"Berlo’nun SMCR Modeli, iletişim sürecinde dört ana unsuru öne çıkarır: Kaynak (Source), Mesaj (Message), Kanal (Channel) ve Alıcı (Receiver). 1960 yılında geliştirilen bu model, mesajın etkili şekilde iletilmesinde tüm unsurların uyumuna dikkat çeker. Özellikle kaynak ve alıcı arasındaki bilgi, tutum ve beceri düzeyi, iletişimin başarısını etkiler.","Images":[{"ImagePrompt":"berlo smcr communication model","ImageSize":"W1024xH1792","ImageUrl":"https://localhost/ContentFiles/IdealStudioFiles/AI_Section_15-e5bbb658-9c45-47fd-8703-45bf64484cd8.png","IsSuccess":false,"ErrorMessage":null}],"YoutubeUrl":null,"AudioDuration":25,"SpeechAudioUrl":"https://localhost/ContentFiles/IdealStudioFiles/AI_Section_15_f9225016-a6d8-4c9e-ad65-1793fee05d31.mp3","SpeechFileName":"AI_Section_15_f9225016-a6d8-4c9e-ad65-1793fee05d31.mp3","RelevantDocumentPart":null},{"PageStyle":4,"YoutubeSearchKeyword":null,"Index":16,"Title":"Aktif Dinleme Becerisi","Description":null,"Content":{"paragraph":"Aktif dinleme, karşıdakinin mesajını dikkatlice ve empatiyle takip etme; anlam bütünlüğünün doğrulanması esasına dayanır.","list":"Dinleyici mesajı yalnızca duymakla kalmaz, anlamaya çalışır.;Gösterdiği tepkilerle anlatılanları pekiştirir.;Yanlış anlamaların önüne geçer.;Etkili iletişimin temel taşlarındandır."},"NarrationText":"Aktif dinleme, karşıdakinin mesajını dikkatlice ve empatiyle takip etme; anlam bütünlüğünün doğrulanması esasına dayanır. Dinleyici, mesajı yalnızca duymakla kalmaz; aynı zamanda anlamaya ve gösterdiği tepkilerle anlatılanları pekiştirmeye çalışır. Aktif dinleme, etkili iletişimin temel taşlarından biridir ve iletişimde yanlış anlamaların önüne geçer.","Images":[{"ImagePrompt":"active listening empathy communication","ImageSize":"W1792xH1024","ImageUrl":"https://localhost/ContentFiles/IdealStudioFiles/AI_Section_16-a1062bbd-62c0-48a7-9ff7-871f274054ff.png","IsSuccess":false,"ErrorMessage":null}],"YoutubeUrl":null,"AudioDuration":22,"SpeechAudioUrl":"https://localhost/ContentFiles/IdealStudioFiles/AI_Section_16_69d407f5-ab92-4322-9c12-006b2a57cf9e.mp3","SpeechFileName":"AI_Section_16_69d407f5-ab92-4322-9c12-006b2a57cf9e.mp3","RelevantDocumentPart":null},{"PageStyle":10,"YoutubeSearchKeyword":null,"Index":17,"Title":"Geri Bildirimin Etkisi","Description":null,"Content":{"paragraph1":"Geri bildirim, iletilen mesajın doğru algılanıp algılanmadığını gösteren yanıttır.","paragraph2":"Geri bildirim, etkileşimi geliştirir ve süreçte hata olup olmadığını ortaya çıkarır."},"NarrationText":"Geri bildirim, iletilen mesajın doğru algılanıp algılanmadığını gösteren yanıttır. İletişimde alınan tepki, kaynak için mesajını yeniden şekillendirme imkânı sağlar. Geri bildirim, etkileşimi geliştirir ve süreçte hata olup olmadığını ortaya çıkarır. Özellikle iş ortamlarında, geri bildirim performans ve memnuniyetin artmasında önemli rol oynar.","Images":[{"ImagePrompt":"feedback response workplace","ImageSize":"W1024xH1792","ImageUrl":"https://localhost/ContentFiles/IdealStudioFiles/AI_Section_17-2b965283-9342-4216-ba93-b9a74b3c27a6.png","IsSuccess":false,"ErrorMessage":null}],"YoutubeUrl":null,"AudioDuration":21,"SpeechAudioUrl":"https://localhost/ContentFiles/IdealStudioFiles/AI_Section_17_f0c3955e-bc48-4fb2-9bd5-f220898b1d6f.mp3","SpeechFileName":"AI_Section_17_f0c3955e-bc48-4fb2-9bd5-f220898b1d6f.mp3","RelevantDocumentPart":null},{"PageStyle":27,"YoutubeSearchKeyword":null,"Index":18,"Title":"Empatik İletişimin Gücü","Description":null,"Content":{"paragraph":"Empatik iletişim, karşıdakinin duygularını ve düşüncelerini anlamaya çalışılan bir yaklaşımdır.","subtext1":"Karşılıklı anlayış ve duyarlılık sağlar.","subtext2":"Çatışmaların önlenmesine ve sağlıklı diyaloglara katkı sunar."},"NarrationText":"Empatik iletişim, karşıdakinin duygularını ve düşüncelerini anlamaya çalışılan bir yaklaşımdır. Bu sayede, iletişimde taraflar birbirine karşı daha anlayışlı ve duyarlı olur. Empatik iletişim, ilişkilerin güçlenmesine, çatışmaların önlenmesine ve daha sağlıklı diyalogların kurulmasına olanak tanır. Etkili iletişimin temel dinamiklerinden biridir.","Images":[{"ImagePrompt":"empathetic communication understanding","ImageSize":"W1024xH1792","ImageUrl":"https://localhost/ContentFiles/IdealStudioFiles/AI_Section_18-52e51be6-3f2c-4f55-9361-9a27a76becb3.png","IsSuccess":false,"ErrorMessage":null}],"YoutubeUrl":null,"AudioDuration":21,"SpeechAudioUrl":"https://localhost/ContentFiles/IdealStudioFiles/AI_Section_18_36e27b00-4817-45d6-839c-512eae8eaab4.mp3","SpeechFileName":"AI_Section_18_36e27b00-4817-45d6-839c-512eae8eaab4.mp3","RelevantDocumentPart":null},{"PageStyle":30,"YoutubeSearchKeyword":null,"Index":19,"Title":"Kanal Zenginliği Teorisi","Description":null,"Content":{"list":"Kanal zenginliği teorisi, iletilen mesajın karmaşıklığına uygun kanal seçimini değerlendirir.;Karmaşık mesajlar, daha zengin iletişim kanallarından iletilmelidir."},"NarrationText":"Kanal zenginliği teorisi, iletişimin tercih edilen kanalının iletilecek mesajın karmaşıklığına uygunluğunu değerlendirir. Yüz yüze iletişim, örneğin, e-posta veya yazılı iletişime göre daha zengin ve etkili bir kanal olarak görülür. Mesajın tam ve doğru anlaşılması için, karmaşık mesajlar daha zengin kanallardan iletilmelidir.","Images":[{"ImagePrompt":"rich communication channel theory","ImageSize":"W1792xH1024","ImageUrl":"https://localhost/ContentFiles/IdealStudioFiles/AI_Section_19-1b7bf374-2ac9-403a-86e6-4f3b44822827.png","IsSuccess":false,"ErrorMessage":null}],"YoutubeUrl":null,"AudioDuration":20,"SpeechAudioUrl":"https://localhost/ContentFiles/IdealStudioFiles/AI_Section_19_14b169de-9d3b-493f-8bfc-e6deeecab7bb.mp3","SpeechFileName":"AI_Section_19_14b169de-9d3b-493f-8bfc-e6deeecab7bb.mp3","RelevantDocumentPart":null},{"PageStyle":29,"YoutubeSearchKeyword":null,"Index":20,"Title":"Etkili İletişim Becerilerine Giriş","Description":null,"Content":{"list":"Açık ve anlaşılır konuşma;Dinleme ve sorgulama;Duygusal zekâ;Çatışma yönetimi"},"NarrationText":"Etkili iletişim becerileri arasında açık ve anlaşılır konuşma, dinleme ve sorgulama, duygusal zekâ ve çatışma yönetimi bulunur. Bu temel beceriler, hem günlük yaşamda hem de profesyonel ortamda iletişimi güçlendirir. Katılımcılar, eğitimle bu becerileri geliştirerek ilişkilerinde ve işlerinde daha başarılı olabilirler.","Images":[{"ImagePrompt":"effective communication skills","ImageSize":"W1024xH1024","ImageUrl":"https://localhost/ContentFiles/IdealStudioFiles/AI_Section_20-e5734f42-d9eb-4f44-935d-a7954321eb0b.png","IsSuccess":false,"ErrorMessage":null},{"ImagePrompt":"conflict management empathy","ImageSize":"W1024xH1024","ImageUrl":"https://localhost/ContentFiles/IdealStudioFiles/AI_Section_20-ef4f3b7d-01db-44cc-9694-f50f6e931a5e.png","IsSuccess":false,"ErrorMessage":null}],"YoutubeUrl":null,"AudioDuration":20,"SpeechAudioUrl":"https://localhost/ContentFiles/IdealStudioFiles/AI_Section_20_f0db9923-e5fb-4442-8496-bb39a119190a.mp3","SpeechFileName":"AI_Section_20_f0db9923-e5fb-4442-8496-bb39a119190a.mp3","RelevantDocumentPart":null},{"PageStyle":8,"YoutubeSearchKeyword":null,"Index":21,"Title":"Açık ve Anlaşılır Konuşma","Description":null,"Content":{"paragraph1":"Açık ve anlaşılır konuşma, mesajınızı sade, tutarlı ve net biçimde karşı tarafa aktarmak demektir.","paragraph2":"Kelimelerin doğru seçimi ve mantıklı bir akış, özellikle profesyonel ortamda etkili iletişimin anahtarıdır."},"NarrationText":"Açık ve anlaşılır konuşma, mesajınızı sade, tutarlı ve net biçimde karşı tarafa aktarmak demektir. Karmaşık veya belirsiz ifadelerden kaçınmak, iletişimde karşılıklı anlaşılabilirliği artırır. Konuşurken kelimelerin doğru seçimi ve mantıklı bir akış, özellikle profesyonel ortamda etkili iletişimin anahtarıdır.","Images":[{"ImagePrompt":"clear simple speaking","ImageSize":"W1024xH1024","ImageUrl":"https://localhost/ContentFiles/IdealStudioFiles/AI_Section_21-da723384-a618-4ea5-9bde-94d69f0dcf13.png","IsSuccess":false,"ErrorMessage":null}],"YoutubeUrl":null,"AudioDuration":19,"SpeechAudioUrl":"https://localhost/ContentFiles/IdealStudioFiles/AI_Section_21_928be647-f47d-41a6-8dae-3203faac0b36.mp3","SpeechFileName":"AI_Section_21_928be647-f47d-41a6-8dae-3203faac0b36.mp3","RelevantDocumentPart":null},{"PageStyle":10,"YoutubeSearchKeyword":null,"Index":22,"Title":"Dinleme ve Sorgulama Teknikleri","Description":null,"Content":{"paragraph1":"Dinleme ve sorgulama, iletişimde tarafların birbirini daha iyi anlamasını sağlar.","paragraph2":"Aktif ve yansıtıcı dinleme teknikleriyle açık ve kapalı uçlu sorular kullanmak, iletişimde daha sağlam bir köprü kurulmasını ve yanlış anlamaların önlenmesini mümkün kılar."},"NarrationText":"Dinleme ve sorgulama, iletişimde tarafların birbirini daha iyi anlamasını sağlar. Aktif ve yansıtıcı dinleme teknikleri, konuşulanı dikkatlice takip etmeyi içerir. Açık ve kapalı uçlu sorular sormak ise, karşıdaki kişinin fikir ve duygularını derinleştirmeye yardımcı olur. Böylece, iletişimde daha sağlam bir köprü kurulabilir ve yanlış anlamalar önlenir.","Images":[{"ImagePrompt":"active listening communication question","ImageSize":"W1024xH1792","ImageUrl":"https://localhost/ContentFiles/IdealStudioFiles/AI_Section_22-803960ec-f805-4f94-bf03-405d217a8642.png","IsSuccess":false,"ErrorMessage":null}],"YoutubeUrl":null,"AudioDuration":22,"SpeechAudioUrl":"https://localhost/ContentFiles/IdealStudioFiles/AI_Section_22_e611bac3-884c-4475-9d78-f45362daa304.mp3","SpeechFileName":"AI_Section_22_e611bac3-884c-4475-9d78-f45362daa304.mp3","RelevantDocumentPart":null},{"PageStyle":2,"YoutubeSearchKeyword":null,"Index":23,"Title":"Duygusal Zekânın İletişime Etkisi","Description":null,"Content":{"subtitle":"Duygusal Zekânın İletişimdeki Yeri","paragraph1":"Duygusal zekâ, insanın kendi ve başkalarının duygularını tanıma, anlama ve yönetme becerisidir.","paragraph2":"İletişimde empati kurmak, duygusal tepkileri kontrol edebilmek ve kendini anlaşılır bir biçimde ifade edebilmek; sağlıklı ilişkilerin kurulmasında duygusal zekânın rolünü vurgular."},"NarrationText":"Duygusal zekâ, insanın kendi ve başkalarının duygularını tanıma, anlama ve yönetme becerisidir. Bu özellik, etkili iletişimde belirleyici rol oynar. Duygusal zekâsı yüksek bireyler, iletişimde empati kurar, duygusal tepkilerini kontrol edebilir ve kendilerini karşı tarafa daha anlaşılır biçimde ifade eder. Sağlıklı ilişkilerin temelinde duygusal zekâ bulunur.","Images":[{"ImagePrompt":"emotional intelligence empathy communication","ImageSize":"W1024xH1024","ImageUrl":"https://localhost/ContentFiles/IdealStudioFiles/AI_Section_23-7f620f54-0255-4d2f-aa4a-a863d2a8e157.png","IsSuccess":false,"ErrorMessage":null}],"YoutubeUrl":null,"AudioDuration":23,"SpeechAudioUrl":"https://localhost/ContentFiles/IdealStudioFiles/AI_Section_23_e356af99-1f94-466d-9d93-06faf06846f7.mp3","SpeechFileName":"AI_Section_23_e356af99-1f94-466d-9d93-06faf06846f7.mp3","RelevantDocumentPart":null},{"PageStyle":10,"YoutubeSearchKeyword":null,"Index":24,"Title":"Çatışma Yönetiminde İletişimin Rolü","Description":null,"Content":{"paragraph1":"Çatışma yönetimi, iletişimde gerilimli durumları çözebilmek için kullanılan stratejiler içerir.","paragraph2":"Çözüm odaklı iletişim, duyguların ve beklentilerin dikkate alınmasına olanak tanır ve anlaşmazlıkları azaltarak yapıcı sonuçların elde edilmesini sağlar."},"NarrationText":"Çatışma yönetimi, iletişimde gerilimli durumları çözebilmek için kullanılan stratejiler içerir. İletişim engellerinin tanınması ve bunların üstesinden gelmek için çözüm odaklı yaklaşım geliştirilmesi önemlidir. Etkili iletişim, tarafların duygularının ve beklentilerinin dikkate alınmasını sağlar, anlaşmazlıkları azaltır ve yapıcı çözümler sunar.","Images":[{"ImagePrompt":"conflict management communication solution","ImageSize":"W1024xH1792","ImageUrl":"https://localhost/ContentFiles/IdealStudioFiles/AI_Section_24-c4d585fb-5605-4071-8c36-387bee220c19.png","IsSuccess":false,"ErrorMessage":null}],"YoutubeUrl":null,"AudioDuration":21,"SpeechAudioUrl":"https://localhost/ContentFiles/IdealStudioFiles/AI_Section_24_218249bb-69fb-43af-a275-7c16e4d466ae.mp3","SpeechFileName":"AI_Section_24_218249bb-69fb-43af-a275-7c16e4d466ae.mp3","RelevantDocumentPart":null},{"PageStyle":9,"YoutubeSearchKeyword":null,"Index":25,"Title":"İletişim Becerilerini Geliştiren Eğitim Yöntemleri","Description":null,"Content":{"paragraph":"İletişim becerilerinin geliştirilmesinde farklı eğitim yöntemleri kullanılmaktadır.","list":"Rol oynama (role-playing); Yapılandırılmış geri bildirim oturumları; Örnek video analizleri; Etkileşimli eğitim modülleri"},"NarrationText":"İletişim becerilerinin geliştirilmesinde farklı eğitim yöntemleri kullanılmaktadır. Katılımcıların pratik yapmasını sağlayan rol oynama (role-playing), yapılandırılmış geri bildirim oturumları, örnek video analizleri ve etkileşimli eğitim modülleri, becerilerin kalıcı olarak gelişmesine katkı sunar. Bu yöntemlerle katılımcıların uygulamada aktif olmaları hedeflenir.","Images":[{"ImagePrompt":"communication training interactive learning","ImageSize":"W1024xH1792","ImageUrl":"https://localhost/ContentFiles/IdealStudioFiles/AI_Section_25-9e7b21c8-8f02-4719-a63a-df6865c3a93e.png","IsSuccess":false,"ErrorMessage":null}],"YoutubeUrl":null,"AudioDuration":21,"SpeechAudioUrl":"https://localhost/ContentFiles/IdealStudioFiles/AI_Section_25_8e8531db-d561-45dd-ad55-30393dd9774d.mp3","SpeechFileName":"AI_Section_25_8e8531db-d561-45dd-ad55-30393dd9774d.mp3","RelevantDocumentPart":null},{"PageStyle":21,"YoutubeSearchKeyword":null,"Index":26,"Title":"Rol Oynama Yöntemi","Description":null,"Content":{"paragraph1":"Rol oynama, gerçek hayattan alıntı durumların simülasyonuyla gerçekleştirilen bir eğitim tekniğidir.","paragraph2":"Katılımcılar, belirlenen bir senaryoda iletişim pratiği yaparak kendi davranışlarını değerlendirme fırsatı bulur.","paragraph3":"Bu yöntem, iletişimde özgüven sağlarken farklı durumlara uygun stratejiler geliştirmeyi de mümkün kılar."},"NarrationText":"Rol oynama, gerçek hayattan alıntı durumların simülasyonuyla gerçekleştirilen bir eğitim tekniğidir. Katılımcılar, belirlenen bir senaryoda iletişim pratiği yapar ve kendi davranışlarını değerlendirme imkânı bulur. Bu eğitim yöntemi, iletişimde özgüven kazandırır ve farklı durumlara uygun stratejiler geliştirilmesini sağlar.","Images":[{"ImagePrompt":"role play communication practice scenario","ImageSize":"W1024xH1792","ImageUrl":"https://localhost/ContentFiles/IdealStudioFiles/AI_Section_26-69415e1f-3e18-48ac-949d-27030fc4243f.png","IsSuccess":false,"ErrorMessage":null}],"YoutubeUrl":null,"AudioDuration":19,"SpeechAudioUrl":"https://localhost/ContentFiles/IdealStudioFiles/AI_Section_26_35e9af53-01ee-4e4d-9931-08f8259a29bb.mp3","SpeechFileName":"AI_Section_26_35e9af53-01ee-4e4d-9931-08f8259a29bb.mp3","RelevantDocumentPart":null},{"PageStyle":30,"YoutubeSearchKeyword":null,"Index":27,"Title":"Geri Bildirim Oturumlarının Gücü","Description":null,"Content":{"list":"Geri bildirim oturumları, iletişim performanslarına ilişkin yapılandırılmış ve sistematik geri bildirim sağlar; Katılımcılara, güçlü ve gelişime açık yönlerini fark ettirir"},"NarrationText":"Geri bildirim oturumları, katılımcıların iletişim performanslarına ilişkin yapılandırılmış ve sistematik geri bildirim almalarını sağlar. Katılımcı, olumlu veya gelişime açık noktalarını bu oturumlarda fark ederek iletişim becerilerini geliştirebilir. Geribildirimler, davranışların ve mesajların etkisi üzerine düşünme fırsatı sunar.","Images":[{"ImagePrompt":"feedback communication session group","ImageSize":"W1792xH1024","ImageUrl":"https://localhost/ContentFiles/IdealStudioFiles/AI_Section_27-ca0bdcfc-88be-4c9a-9e96-9a1c726535c8.png","IsSuccess":false,"ErrorMessage":null}],"YoutubeUrl":null,"AudioDuration":20,"SpeechAudioUrl":"https://localhost/ContentFiles/IdealStudioFiles/AI_Section_27_da25c2b8-7561-4762-b8a5-369f026325b2.mp3","SpeechFileName":"AI_Section_27_da25c2b8-7561-4762-b8a5-369f026325b2.mp3","RelevantDocumentPart":null},{"PageStyle":28,"YoutubeSearchKeyword":null,"Index":28,"Title":"Gözlem ve Analiz Yöntemi","Description":null,"Content":{"list":"Örnek iletişim videoları izlenir; Model davranışlar analiz edilir; Etkili ve etkisiz iletişim arasındaki farklar belirlenir; Bireysel iletişim tarzı değerlendirilir"},"NarrationText":"Gözlem ve analiz, örnek iletişim videoları ya da vaka incelemeleri aracılığıyla yürütülür. Bu yöntemde katılımcılar, iletişimde kullanılan yöntemleri ve model davranışları inceler. Gözlem sayesinde, etkili ve etkisiz iletişim arasındaki farklar anlaşılır; analiz ile de katılımcılar kendi iletişim tarzlarını değerlendirebilir.","Images":[{"ImagePrompt":"observation analysis communication video","ImageSize":"W1024xH1792","ImageUrl":"https://localhost/ContentFiles/IdealStudioFiles/AI_Section_28-df34ef81-8c2c-4c9b-9e8a-266f2e37bc86.png","IsSuccess":false,"ErrorMessage":null}],"YoutubeUrl":null,"AudioDuration":20,"SpeechAudioUrl":"https://localhost/ContentFiles/IdealStudioFiles/AI_Section_28_20dd5586-d88e-439d-b5ad-894dba488ddf.mp3","SpeechFileName":"AI_Section_28_20dd5586-d88e-439d-b5ad-894dba488ddf.mp3","RelevantDocumentPart":null},{"PageStyle":10,"YoutubeSearchKeyword":null,"Index":29,"Title":"Etkileşimli Eğitim Modülleri","Description":null,"Content":{"paragraph1":"Etkileşimli eğitim modülleri, sanal veya yüz yüze ortamda, katılımcının aktif katılımını teşvik eden yöntemleri içerir.","paragraph2":"Bu sayede teorik bilgiler uygulamayla pekiştirilir ve katılımcılar öğrendiklerini deneyimleyerek gerçek hayata aktarabilir."},"NarrationText":"Etkileşimli eğitim modülleri, sanal veya yüz yüze ortamda, katılımcının aktif katılımını teşvik eden yöntemleri içerir. Bu modüller sayesinde teorik bilgiler, pratik uygulamayla pekiştirilir. Katılımcılar, birebir, grup içi ve dijital uygulamalarla hem deneyim kazanır hem de öğrendiklerini gerçek hayata aktarabilir.","Images":[{"ImagePrompt":"interactive training module virtual classroom","ImageSize":"W1024xH1792","ImageUrl":"https://localhost/ContentFiles/IdealStudioFiles/AI_Section_29-516645af-dcbe-43be-8bf6-a07e371ccd3d.png","IsSuccess":false,"ErrorMessage":null}],"YoutubeUrl":null,"AudioDuration":20,"SpeechAudioUrl":"https://localhost/ContentFiles/IdealStudioFiles/AI_Section_29_2810a6e8-fdf0-404f-911f-d1d4e09042e8.mp3","SpeechFileName":"AI_Section_29_2810a6e8-fdf0-404f-911f-d1d4e09042e8.mp3","RelevantDocumentPart":null},{"PageStyle":10,"YoutubeSearchKeyword":null,"Index":30,"Title":"Kişisel Yaşamda Etkili İletişimin Gücü","Description":null,"Content":{"paragraph1":"Kişisel yaşamda etkili iletişim, kişiler arası ilişkilerin kalitesini artırır.","paragraph2":"Gelişmiş iletişim becerileri, özsaygı ve psikolojik iyi oluşu destekler ve kişinin sosyal yaşamda kendini daha rahat ifade etmesini sağlar."},"NarrationText":"Kişisel yaşamda etkili iletişim, kişiler arası ilişkilerin kalitesini artırır. Sistematik araştırmalar, bu becerilerin özsaygıyı ve psikolojik iyi oluşu desteklediğini gösterir. İletişim becerileri gelişmiş bireyler, çevresiyle daha sağlıklı ilişkiler kurar ve sosyal yaşamda kendini daha rahat ifade edebilir.","Images":[{"ImagePrompt":"personal life effective communication relationship","ImageSize":"W1024xH1792","ImageUrl":"https://localhost/ContentFiles/IdealStudioFiles/AI_Section_30-c83ad64c-1513-47f0-857a-0e489b096bcb.png","IsSuccess":false,"ErrorMessage":null}],"YoutubeUrl":null,"AudioDuration":19,"SpeechAudioUrl":"https://localhost/ContentFiles/IdealStudioFiles/AI_Section_30_5a05d38a-a25e-450d-9c91-079bbe2e2b2a.mp3","SpeechFileName":"AI_Section_30_5a05d38a-a25e-450d-9c91-079bbe2e2b2a.mp3","RelevantDocumentPart":null},{"PageStyle":29,"YoutubeSearchKeyword":null,"Index":31,"Title":"Kişiler Arası İlişkilerde İletişimin Rolü","Description":null,"Content":{"list":"Etkili iletişim güven ve anlayış geliştirir; Duyguların net şekilde paylaşılması ilişkileri güçlendirir; Empati ve geri bildirim bağları kuvvetlendirir; Sosyal yaşamda uyum ve destek ortamı oluşturur"},"NarrationText":"Etkili iletişim, kişiler arası ilişkilerde güven ve karşılıklı anlayışın temelini oluşturur. Duyguların açıkça paylaşılması, empati ve geri bildirimle zenginleştirilmiş diyaloglar, kalıcı ve güçlü bağlar kurulmasına yardımcı olur. İyi iletişim, sosyal yaşamda uyumu ve karşılıklı destek ortamını geliştirici etki sağlar.","Images":[{"ImagePrompt":"communication trust relationship empathy","ImageSize":"W1024xH1024","ImageUrl":"https://localhost/ContentFiles/IdealStudioFiles/AI_Section_31-e4484fb4-1af7-45a2-80d9-59e61fd5c757.png","IsSuccess":false,"ErrorMessage":null},{"ImagePrompt":"mutual understanding social support","ImageSize":"W1024xH1024","ImageUrl":"https://localhost/ContentFiles/IdealStudioFiles/AI_Section_31-562024f1-44f9-4ee3-bf95-3c1488272cf6.png","IsSuccess":false,"ErrorMessage":null}],"YoutubeUrl":null,"AudioDuration":19,"SpeechAudioUrl":"https://localhost/ContentFiles/IdealStudioFiles/AI_Section_31_9bdf5f20-cf04-4f38-bed1-dd7a7e0953aa.mp3","SpeechFileName":"AI_Section_31_9bdf5f20-cf04-4f38-bed1-dd7a7e0953aa.mp3","RelevantDocumentPart":null},{"PageStyle":8,"YoutubeSearchKeyword":null,"Index":32,"Title":"Profesyonel Yaşamda Etkili İletişimin Önemi","Description":null,"Content":{"paragraph1":"Profesyonel yaşamda etkili iletişim, ekip çalışmalarının verimliliği, liderlik, ikna kabiliyeti ve müzakere süreçlerinin etkinliği üzerinde doğrudan etkilidir.","paragraph2":"İş ortamında güçlü iletişim becerilerine sahip olmak; işyeri memnuniyetini, performansı ve terfi olanaklarını artırır. Şirket içi iletişimin kalitesi, kurumun genel başarısında belirleyici bir rol oynar."},"NarrationText":"Profesyonel yaşamda etkili iletişim, ekip çalışmalarının verimliliği, liderlik, ikna kabiliyeti ve müzakere süreçlerinin etkinliği üzerinde doğrudan etkilidir. İş ortamında güçlü iletişim becerilerine sahip olmak, işyeri memnuniyetini ve performansı artırırken terfi olanaklarının da gelişmesini sağlar. Şirket içi iletişimin kalitesi, genel başarıda belirleyici bir rol oynar.","Images":[{"ImagePrompt":"business team communication office","ImageSize":"W1024xH1024","ImageUrl":"https://localhost/ContentFiles/IdealStudioFiles/AI_Section_32-e7860550-cd70-42f0-8671-4d4d09481b65.png","IsSuccess":false,"ErrorMessage":null}],"YoutubeUrl":null,"AudioDuration":23,"SpeechAudioUrl":"https://localhost/ContentFiles/IdealStudioFiles/AI_Section_32_672de04a-8d63-4a46-83b0-6accf50e32c8.mp3","SpeechFileName":"AI_Section_32_672de04a-8d63-4a46-83b0-6accf50e32c8.mp3","RelevantDocumentPart":null},{"PageStyle":28,"YoutubeSearchKeyword":null,"Index":33,"Title":"Ekip Çalışmalarında İletişimin Etkisi","Description":null,"Content":{"list":"Ekip çalışmasında iletişim, üyeler arasındaki koordinasyonu ve anlaşmayı güçlendirir.;Net ve açık bir iletişim ortamı sorunların hızlıca çözülmesini sağlar.;İş birliğinin artmasına katkı sunar.;Projelerin başarılı ve verimli yürütülmesini sağlar."},"NarrationText":"Ekip çalışmasında iletişim, üyeler arasındaki koordinasyonu ve anlaşmayı güçlendirir. Net ve açık bir iletişim ortamı, sorunların hızlıca çözülmesini ve iş birliğinin artmasını sağlar. Ekip üyeleri arasındaki etkili diyaloglar, projelerin daha başarılı ve verimli yürütülmesine katkı sunar.","Images":[{"ImagePrompt":"teamwork collaboration group discussion","ImageSize":"W1024xH1792","ImageUrl":"https://localhost/ContentFiles/IdealStudioFiles/AI_Section_33-a8322ef0-1d23-462c-b212-0b9235ff1cc6.png","IsSuccess":false,"ErrorMessage":null}],"YoutubeUrl":null,"AudioDuration":18,"SpeechAudioUrl":"https://localhost/ContentFiles/IdealStudioFiles/AI_Section_33_09ff86f4-0992-4d83-860f-5e3f65797088.mp3","SpeechFileName":"AI_Section_33_09ff86f4-0992-4d83-860f-5e3f65797088.mp3","RelevantDocumentPart":null},{"PageStyle":15,"YoutubeSearchKeyword":null,"Index":34,"Title":"Liderlik ve İkna Yeteneği","Description":null,"Content":{"paragraph":"Liderlikte ve ikna süreçlerinde iletişim becerileri kritik önemdedir.","list":"Liderler amaç ve vizyonunu açıkça paylaşabilmelidir.;Etkili iletişim liderin güvenilirliğini güçlendirir.;İkna süreçlerinde başarı şansını artırır."},"NarrationText":"Liderlikte ve ikna süreçlerinde iletişim becerileri kritik önemdedir. Liderler, amaç ve vizyonunu açıkça paylaşabilen, ekibini etkileyebilen ve motive edebilen kişiler olmalıdır. Etkili iletişim, liderin güvenilirliğini ve ekip üzerindeki etkisini artırırken, ikna süreçlerinde de başarı olasılığını yükseltir.","Images":[{"ImagePrompt":"leader convincing team speech","ImageSize":"W1024xH1792","ImageUrl":"https://localhost/ContentFiles/IdealStudioFiles/AI_Section_34-79e5dde0-ed73-4928-8540-c44e601f723d.png","IsSuccess":false,"ErrorMessage":null}],"YoutubeUrl":null,"AudioDuration":19,"SpeechAudioUrl":"https://localhost/ContentFiles/IdealStudioFiles/AI_Section_34_6b911f94-847c-49dd-a049-fd33f02b6e57.mp3","SpeechFileName":"AI_Section_34_6b911f94-847c-49dd-a049-fd33f02b6e57.mp3","RelevantDocumentPart":null},{"PageStyle":2,"YoutubeSearchKeyword":null,"Index":35,"Title":"Müzakere Süreçlerinde İletişim","Description":null,"Content":{"subtitle":"Müzakere ve Etkili İletişim","paragraph1":"Müzakere süreçlerinde taraflar arasındaki etkili iletişim, anlaşma noktalarının sağlıklı biçimde ortaya konmasını kolaylaştırır.","paragraph2":"Açık ve objektif diyaloglar, karşılıklı beklentilerin ve önerilerin doğru anlaşılmasını sağlar. İletişimin başarısı, müzakerenin verimli ve adil sonuçlanmasında anahtar rol oynar."},"NarrationText":"Müzakere süreçlerinde taraflar arasındaki etkili iletişim, anlaşma noktalarının sağlıklı biçimde ortaya konmasını kolaylaştırır. Açık ve objektif diyaloglar, karşılıklı beklentilerin ve önerilerin doğru anlaşılmasını sağlar. Etkili iletişim, müzakerenin verimli ve adil sonuçlanmasında anahtar rol oynar.","Images":[{"ImagePrompt":"negotiation business handshake agreement","ImageSize":"W1024xH1024","ImageUrl":"https://localhost/ContentFiles/IdealStudioFiles/AI_Section_35-7de8f27f-c007-4c96-88ba-604ea3c8c3b9.png","IsSuccess":false,"ErrorMessage":null}],"YoutubeUrl":null,"AudioDuration":19,"SpeechAudioUrl":"https://localhost/ContentFiles/IdealStudioFiles/AI_Section_35_65b56383-1ff5-4474-b58d-017d1bd6c222.mp3","SpeechFileName":"AI_Section_35_65b56383-1ff5-4474-b58d-017d1bd6c222.mp3","RelevantDocumentPart":null},{"PageStyle":28,"YoutubeSearchKeyword":null,"Index":36,"Title":"Kurumsal Araştırmalar ve Bulgular","Description":null,"Content":{"list":"Kurumsal araştırmalar, etkili iletişimin işyerinde olumlu etkilerini göstermektedir.;Doğru ve açık iletişimle çalışan bağlılığı yükselir.;Çalışan motivasyonu artırılmaktadır.;Kurumsal başarının anahtarı iletişim becerisidir."},"NarrationText":"Kurumsal araştırmalar, etkili iletişimin işyerinde memnuniyet, performans ve terfi olanakları üzerinde pozitif etkiler yarattığını göstermektedir. Özellikle doğru ve açık iletişim yapan kuruluşlarda çalışan bağlılığı ve motivasyonunun yükseldiği dikkate alınmıştır. Kurumsal başarı, iletişim becerilerinin düzeyi ile doğru orantılıdır.","Images":[{"ImagePrompt":"corporate research communication results","ImageSize":"W1024xH1792","ImageUrl":"https://localhost/ContentFiles/IdealStudioFiles/AI_Section_36-acfea576-c7b2-4154-8d14-696d1d63f659.png","IsSuccess":false,"ErrorMessage":null}],"YoutubeUrl":null,"AudioDuration":20,"SpeechAudioUrl":"https://localhost/ContentFiles/IdealStudioFiles/AI_Section_36_7f598bd0-d79b-4665-bcf5-615f6b091e90.mp3","SpeechFileName":"AI_Section_36_7f598bd0-d79b-4665-bcf5-615f6b091e90.mp3","RelevantDocumentPart":null},{"PageStyle":21,"YoutubeSearchKeyword":null,"Index":37,"Title":"Eğitim Alanında Etkili İletişim","Description":null,"Content":{"paragraph1":"Eğitim ortamlarında etkili iletişim, öğrenme kalitesini yükseltir.","paragraph2":"Öğretmen-öğrenci ve öğrenci-öğrenci ilişkilerinde açık, empatik ve düzenli iletişim, öğrenme sürecini destekler.","paragraph3":"Mesajlarını anlaşılır ve karşılıklı etkileşime açık sunan eğitimci, öğrencilerin motivasyon ve başarı düzeyini artırır."},"NarrationText":"Eğitim ortamlarında etkili iletişim, öğrenme kalitesini yükseltir. Öğretmen-öğrenci ve öğrenci-öğrenci ilişkilerinde açık, empatik ve düzenli iletişim, öğrenme sürecini destekler. Eğitimci, mesajlarını anlaşılır ve karşılıklı etkileşime açık biçimde sunduğunda, öğrenenlerin motivasyonu ve başarı düzeyi artar.","Images":[{"ImagePrompt":"classroom communication teacher students","ImageSize":"W1024xH1792","ImageUrl":"https://localhost/ContentFiles/IdealStudioFiles/AI_Section_37-7d204d9e-4a2a-4f3b-9b5f-295691069064.png","IsSuccess":false,"ErrorMessage":null}],"YoutubeUrl":null,"AudioDuration":19,"SpeechAudioUrl":"https://localhost/ContentFiles/IdealStudioFiles/AI_Section_37_0f3bd00c-5afd-4a73-af4b-9d10b8622086.mp3","SpeechFileName":"AI_Section_37_0f3bd00c-5afd-4a73-af4b-9d10b8622086.mp3","RelevantDocumentPart":null},{"PageStyle":9,"YoutubeSearchKeyword":null,"Index":38,"Title":"Öğrenci-Öğrenci Etkileşimi","Description":null,"Content":{"paragraph":"Öğrenciler arası iletişim, sınıf içinde etkin iş birliği ve karşılıklı öğrenmeyi sağlar.","list":"Sorular paylaşılır.;Grup çalışmaları desteklenir.;Tartışmalar sosyal gelişimi destekler.;Destekleyici ve güvenli bir atmosfer yaratılır."},"NarrationText":"Öğrenciler arası iletişim, sınıf içinde etkin iş birliği ve karşılıklı öğrenmeyi sağlar. Soruların paylaşılması, grup çalışmaları ve tartışmalar, öğrencilerin hem bilgiyi içselleştirmesine hem de sosyal becerilerini geliştirmesine yardımcı olur. Etkili iletişim, eğitim ortamında destekleyici ve güvenli bir atmosfer yaratır.","Images":[{"ImagePrompt":"students group interaction classroom","ImageSize":"W1024xH1792","ImageUrl":"https://localhost/ContentFiles/IdealStudioFiles/AI_Section_38-ad596015-f23f-4bf1-9e43-276c4edb9b45.png","IsSuccess":false,"ErrorMessage":null}],"YoutubeUrl":null,"AudioDuration":20,"SpeechAudioUrl":"https://localhost/ContentFiles/IdealStudioFiles/AI_Section_38_923213c0-3486-4fc7-91f2-7e597c8d254e.mp3","SpeechFileName":"AI_Section_38_923213c0-3486-4fc7-91f2-7e597c8d254e.mp3","RelevantDocumentPart":null},{"PageStyle":10,"YoutubeSearchKeyword":null,"Index":39,"Title":"Toplumsal Katılımda İletişimin Rolü","Description":null,"Content":{"paragraph1":"Toplum düzeyinde bakıldığında, etkili iletişim demokratik katılımın temel taşlarındandır.","paragraph2":"Fikirlerin paylaşılması, toplumsal uzlaşı ve kültürel etkileşimi geliştirir ve ortak çözüm yolları bulunmasını sağlar."},"NarrationText":"Toplum düzeyinde bakıldığında, etkili iletişim demokratik katılımın temel taşlarındandır. Toplum üyeleri, fikirlerini açıkça ifade edip başkalarıyla paylaşabildiklerinde, toplumsal uzlaşı ve kültürel etkileşim gelişir. Katılımcılar arasında kurulan sağlıklı iletişim, ortak çözümler üretilmesini ve toplumsal barışın tesisi için zemin oluşturur.","Images":[{"ImagePrompt":"community dialogue social participation","ImageSize":"W1024xH1792","ImageUrl":"https://localhost/ContentFiles/IdealStudioFiles/AI_Section_39-5fc2b1b6-6e6e-4f06-9504-1196e925e725.png","IsSuccess":false,"ErrorMessage":null}],"YoutubeUrl":null,"AudioDuration":20,"SpeechAudioUrl":"https://localhost/ContentFiles/IdealStudioFiles/AI_Section_39_7157638c-ba00-451c-80cd-0344be748a5e.mp3","SpeechFileName":"AI_Section_39_7157638c-ba00-451c-80cd-0344be748a5e.mp3","RelevantDocumentPart":null},{"PageStyle":8,"YoutubeSearchKeyword":null,"Index":40,"Title":"Kültürel Etkileşimde İletişim","Description":null,"Content":{"paragraph1":"Toplumsal düzeyde kültürel etkileşimin artmasında etkili iletişim önemli katkılar sağlar.","paragraph2":"Farklı kültürlerden gelen bireyler arası iletişim, ön yargıların aşılmasına ve hoşgörünün gelişmesine olanak tanır."},"NarrationText":"Toplumsal düzeyde kültürel etkileşimin artmasında etkili iletişim önemli katkılar sağlar. Farklı kültürlerden gelen bireyler arasındaki iletişim, ön yargıların aşılmasına ve hoşgörünün yaygınlaşmasına yardım eder. Kültürel çeşitlilik içinde uyumun güçlenmesi, iletişim becerilerinin gelişmişliğine bağlıdır.","Images":[{"ImagePrompt":"multicultural communication harmony","ImageSize":"W1024xH1024","ImageUrl":"https://localhost/ContentFiles/IdealStudioFiles/AI_Section_40-be82a33c-8e30-4157-b061-7b65bd558a31.png","IsSuccess":false,"ErrorMessage":null}],"YoutubeUrl":null,"AudioDuration":18,"SpeechAudioUrl":"https://localhost/ContentFiles/IdealStudioFiles/AI_Section_40_64491109-04f2-4192-a5ed-5ccc51ebd2c3.mp3","SpeechFileName":"AI_Section_40_64491109-04f2-4192-a5ed-5ccc51ebd2c3.mp3","RelevantDocumentPart":null},{"PageStyle":10,"YoutubeSearchKeyword":null,"Index":41,"Title":"Etkili İletişim ve Toplumsal Uzlaşı","Description":null,"Content":{"paragraph1":"Etkili iletişim, toplumda barış ve uzlaşının anahtarıdır.","paragraph2":"Bu iletişim; anlayış, empati ve ortak değerlerde buluşmayı teşvik ederek demokratik ve sağlıklı bir toplumun temelini oluşturur."},"NarrationText":"Etkili iletişim, toplumda barış ve uzlaşının anahtarıdır. İnsanlar arasında karşılıklı anlayış ve empati yoluyla görüş ayrılıklarının çözülmesinde kilit rol oynar. Sağlıklı iletişim, toplumsal sorunları birlikte çözme yeteneğini ve ortak değerlerde buluşmayı teşvik eder. Bu da demokratik ve sağlıklı bir toplumun temelini oluşturur.","Images":[{"ImagePrompt":"peaceful communication community agreement","ImageSize":"W1024xH1792","ImageUrl":"https://localhost/ContentFiles/IdealStudioFiles/AI_Section_41-f9e7d990-9a95-418b-8d90-6c8586184c9b.png","IsSuccess":false,"ErrorMessage":null}],"YoutubeUrl":null,"AudioDuration":21,"SpeechAudioUrl":"https://localhost/ContentFiles/IdealStudioFiles/AI_Section_41_df3dcd7e-a670-4b51-aa3a-da723052e9d5.mp3","SpeechFileName":"AI_Section_41_df3dcd7e-a670-4b51-aa3a-da723052e9d5.mp3","RelevantDocumentPart":null},{"PageStyle":10,"YoutubeSearchKeyword":null,"Index":42,"Title":"Etkili İletişimin Akademik Dayanakları","Description":null,"Content":{"paragraph1":"Etkili iletişim becerileri ile ilgili sunulan bilgiler, psikoloji, iletişim bilimleri ve eğitim bilimlerindeki güncel akademik literatüre dayanmaktadır.","paragraph2":"Uluslararası düzeyde yapılan sistematik derlemeler ve meta-analizler, iletişim becerilerinin kişisel, profesyonel ve toplumsal düzeyde olumlu etkilerini ortaya koymakta; akademik bulgular eğitimin kapsam ve içeriğini güçlü bir şekilde desteklemektedir."},"NarrationText":"Etkili iletişim becerileri ile ilgili sunulan bilgiler, psikoloji, iletişim bilimleri ve eğitim bilimlerindeki güncel akademik literatüre dayanmaktadır. Uluslararası düzeyde yapılan sistematik derlemeler ve meta-analizler, iletişim becerilerinin kişisel, profesyonel ve toplumsal düzeyde olumlu etkilerini ortaya koymaktadır. Akademik bulgular, eğitimin kapsam ve içeriğini güçlü bir şekilde destekler.","Images":[{"ImagePrompt":"academic communication journals books","ImageSize":"W1024xH1792","ImageUrl":"https://localhost/ContentFiles/IdealStudioFiles/AI_Section_42-40ef46ce-0787-4f61-9660-8c1a5b533753.png","IsSuccess":false,"ErrorMessage":null}],"YoutubeUrl":null,"AudioDuration":23,"SpeechAudioUrl":"https://localhost/ContentFiles/IdealStudioFiles/AI_Section_42_beb2a8ca-f88f-4377-9598-8e7989bdb178.mp3","SpeechFileName":"AI_Section_42_beb2a8ca-f88f-4377-9598-8e7989bdb178.mp3","RelevantDocumentPart":null},{"PageStyle":28,"YoutubeSearchKeyword":null,"Index":43,"Title":"Uluslararası Kaynakların Rolü","Description":null,"Content":{"list":"Öne çıkan uluslararası kaynaklar arasında International Journal of Communication yer alır; Communication Education iletişim alanında kapsamlı analizler sunar; Journal of Applied Psychology iletişim becerilerinin etkilerini inceler; Bilimsel makaleler eğitimin içeriğini destekler"},"NarrationText":"Öne çıkan uluslararası kaynaklar arasında International Journal of Communication, Communication Education ve Journal of Applied Psychology gibi dergiler yer almaktadır. Bu dergilerde yayımlanan analizler, iletişim becerilerinin geliştirilmesi ve uygulamadaki etkileri için bilimsel bir temel sunar. Eğitimin içeriği, bu geniş kapsamlı çalışmalardan beslenmektedir.","Images":[{"ImagePrompt":"international academic journals stack","ImageSize":"W1024xH1792","ImageUrl":"https://localhost/ContentFiles/IdealStudioFiles/AI_Section_43-833c6849-7353-42cc-9543-7332fa7b6b51.png","IsSuccess":false,"ErrorMessage":null}],"YoutubeUrl":null,"AudioDuration":21,"SpeechAudioUrl":"https://localhost/ContentFiles/IdealStudioFiles/AI_Section_43_051339ad-4778-41d5-8548-49f1a12572f9.mp3","SpeechFileName":"AI_Section_43_051339ad-4778-41d5-8548-49f1a12572f9.mp3","RelevantDocumentPart":null},{"PageStyle":28,"YoutubeSearchKeyword":null,"Index":44,"Title":"Bilimsel Araştırmaların Eğitimdeki Yansımaları","Description":null,"Content":{"list":"Bilimsel araştırmalar iletişim eğitiminin etkinliğini değerlendirir; Sistematik derlemeler etkili yöntemleri ortaya koyar; Meta-analizler iletişim becerilerini karşılaştırır; Eğitim programları bilimsel verilerle güncellenir"},"NarrationText":"Bilimsel araştırmalar, iletişim eğitimi uygulamalarının etkinliğini değerlendirmede önemli rol oynar. Özellikle sistematik derlemeler ve meta-analizler, hangi iletişim becerisi ve yöntemlerinin daha etkili olduğunu belirlemeye olanak tanır. Bu sayede hem bireysel hem de kurumsal gelişime yönelik eğitim programları sürekli olarak güncellenebilir.","Images":[{"ImagePrompt":"scientific research education evaluation","ImageSize":"W1024xH1792","ImageUrl":"https://localhost/ContentFiles/IdealStudioFiles/AI_Section_44-70ef2b8d-1d7d-4b34-b4ff-a86772ab629d.png","IsSuccess":false,"ErrorMessage":null}],"YoutubeUrl":null,"AudioDuration":20,"SpeechAudioUrl":"https://localhost/ContentFiles/IdealStudioFiles/AI_Section_44_c503030b-33bd-4ad4-8c9a-c0615898814e.mp3","SpeechFileName":"AI_Section_44_c503030b-33bd-4ad4-8c9a-c0615898814e.mp3","RelevantDocumentPart":null},{"PageStyle":8,"YoutubeSearchKeyword":null,"Index":45,"Title":"Eğitim Programlarında Güncellik ve Etkililik","Description":null,"Content":{"paragraph1":"İletişim eğitim programlarında, güncel bilimsel bulguların takip edilmesi büyük önem taşır.","paragraph2":"Akademik olarak desteklenen yöntemler, katılımcıların becerilerini daha kalıcı şekilde geliştirmesine yardımcı olur ve eğitimler pratik çözümler üretir."},"NarrationText":"İletişim eğitim programlarında, güncel bilimsel bulguların takip edilmesi büyük önem taşır. Uygulanan eğitim yöntemlerinin etkinliğinin akademik olarak desteklenmesi, katılımcıların becerileri kalıcı şekilde geliştirmesini sağlar. Bilimsel kaynaklardan beslenen eğitimler, katılımcıların deneyim ve ihtiyaçlarına daha uygun, pratik çözümler sunar.","Images":[{"ImagePrompt":"modern training up to date","ImageSize":"W1024xH1024","ImageUrl":"https://localhost/ContentFiles/IdealStudioFiles/AI_Section_45-2afc711b-61c8-42a3-af89-7dea9430698d.png","IsSuccess":false,"ErrorMessage":null}],"YoutubeUrl":null,"AudioDuration":21,"SpeechAudioUrl":"https://localhost/ContentFiles/IdealStudioFiles/AI_Section_45_c12f354b-ec71-4f1b-97c9-72c1971aabf0.mp3","SpeechFileName":"AI_Section_45_c12f354b-ec71-4f1b-97c9-72c1971aabf0.mp3","RelevantDocumentPart":null},{"PageStyle":29,"YoutubeSearchKeyword":null,"Index":46,"Title":"Kişisel ve Toplumsal Düzeyde İletişim","Description":null,"Content":{"list":"Etkili iletişim kişisel gelişimi destekler; Toplumsal düzeyde demokratik katılımı güçlendirir; Kültürel etkileşimi artırır; İş ve eğitim alanında başarı şansını yükseltir"},"NarrationText":"Etkili iletişim, bireysel seviyede kişisel gelişimi ve psikolojik iyi oluşu desteklerken, toplumsal düzeyde demokratik katılım ve kültürel etkileşimi güçlendirir. Aynı zamanda, iş ve eğitim alanında performansı ve başarı şansını artırmaktadır. İletişim becerilerinin geliştirilmesi yaşamın tüm alanlarında pozitif değişimlere öncülük edebilir.","Images":[{"ImagePrompt":"personal communication improvement","ImageSize":"W1024xH1024","ImageUrl":"https://localhost/ContentFiles/IdealStudioFiles/AI_Section_46-4ca3cc95-75ee-46ac-84c6-1081f251d9da.png","IsSuccess":false,"ErrorMessage":null},{"ImagePrompt":"social communication community","ImageSize":"W1024xH1024","ImageUrl":"https://localhost/ContentFiles/IdealStudioFiles/AI_Section_46-2abfeb00-0ef7-4f04-a218-a74e51daeb78.png","IsSuccess":false,"ErrorMessage":null}],"YoutubeUrl":null,"AudioDuration":21,"SpeechAudioUrl":"https://localhost/ContentFiles/IdealStudioFiles/AI_Section_46_06176c26-b517-43ed-ab4a-53900182ec37.mp3","SpeechFileName":"AI_Section_46_06176c26-b517-43ed-ab4a-53900182ec37.mp3","RelevantDocumentPart":null},{"PageStyle":27,"YoutubeSearchKeyword":null,"Index":47,"Title":"İş Hayatında Başarı İçin İletişim","Description":null,"Content":{"paragraph":"İş hayatında iletişim becerileri, liderlik vasıflarını ve ekip içindeki iş birliği seviyesini artırır.","subtext1":"Müzakere ve ikna süreçlerinde başarı, etkili iletişimle sağlanır.","subtext2":"İyi iletişim becerileri terfi ve performans avantajı getirir."},"NarrationText":"İş hayatında iletişim becerileri, liderlik vasıflarını ve ekip içindeki iş birliği seviyesini artırır. Müzakere ve ikna süreçlerinde başarı, bilgi ve düşüncelerin net aktarımıyla mümkün olur. Araştırmalar, iyi iletişim becerilerine sahip olan çalışanların terfi ve performans açısından daha avantajlı olduğunu göstermektedir.","Images":[{"ImagePrompt":"workplace business communication success","ImageSize":"W1024xH1792","ImageUrl":"https://localhost/ContentFiles/IdealStudioFiles/AI_Section_47-4469a46d-4611-4e9b-8fe4-02620696bd8e.png","IsSuccess":false,"ErrorMessage":null}],"YoutubeUrl":null,"AudioDuration":20,"SpeechAudioUrl":"https://localhost/ContentFiles/IdealStudioFiles/AI_Section_47_40ed0116-7336-4166-850f-74b6d48d827f.mp3","SpeechFileName":"AI_Section_47_40ed0116-7336-4166-850f-74b6d48d827f.mp3","RelevantDocumentPart":null},{"PageStyle":28,"YoutubeSearchKeyword":null,"Index":48,"Title":"Eğitimde İletişimin Katkısı","Description":null,"Content":{"list":"Eğitimde etkin iletişim öğretmen-öğrenci ilişkisini güçlendirir; Motivasyon ve başarıyı artırır; Etkileşimi teşvik eden ortamlar öğrenmeye katkı sağlar; Kalıcı ve kaliteli öğrenme desteklenir"},"NarrationText":"Eğitim ortamlarında etkin iletişim, öğretme ve öğrenme süreçlerini daha verimli ve etkili hale getirir. Öğretmen-öğrenci ilişkilerindeki pozitif iletişim, öğrencilerin motivasyonunu ve başarısını artırır. Ayrıca, öğrenciler arası etkileşimi destekleyen iletişim ortamları, öğrenmenin kalıcılığını ve kalitesini yükseltir.","Images":[{"ImagePrompt":"education teacher student communication","ImageSize":"W1024xH1792","ImageUrl":"https://localhost/ContentFiles/IdealStudioFiles/AI_Section_48-ce714b37-400f-4e78-83d8-2d1b888483b7.png","IsSuccess":false,"ErrorMessage":null}],"YoutubeUrl":null,"AudioDuration":19,"SpeechAudioUrl":"https://localhost/ContentFiles/IdealStudioFiles/AI_Section_48_2bd4b673-6e7d-417c-afd4-8bc4b3c849ea.mp3","SpeechFileName":"AI_Section_48_2bd4b673-6e7d-417c-afd4-8bc4b3c849ea.mp3","RelevantDocumentPart":null},{"PageStyle":4,"YoutubeSearchKeyword":null,"Index":49,"Title":"Toplumun Gelişiminde İletişimin Rolü","Description":null,"Content":{"paragraph":"Toplumun gelişiminde, etkili iletişim becerileriyle demokratik katılım, toplumsal uzlaşı ve kültürel paylaşım güçlenir.","list":"Görüş ve düşünceler açıkça aktarılır; Toplumda birlik ve beraberlik sağlanır; İletişim sosyal değişimlerin temelidir; Toplumsal ilerlemenin anahtarıdır"},"NarrationText":"Toplumun gelişiminde, etkili iletişim becerileriyle demokratik katılım, toplumsal uzlaşı ve kültürel paylaşım güçlenir. İnsanlar, görüş ve düşüncelerini açıkça aktarabildiklerinde, tüm toplumda birlik ve beraberlik sağlamak daha kolay hâle gelir. İletişim, sosyal değişimlerin ve ilerlemenin anahtarıdır.","Images":[{"ImagePrompt":"community communication social change","ImageSize":"W1792xH1024","ImageUrl":"https://localhost/ContentFiles/IdealStudioFiles/AI_Section_49-69bc8961-b77e-4ba8-a537-6d73512d09ef.png","IsSuccess":false,"ErrorMessage":null}],"YoutubeUrl":null,"AudioDuration":19,"SpeechAudioUrl":"https://localhost/ContentFiles/IdealStudioFiles/AI_Section_49_2561b65f-b564-4d30-b910-5611fdbc0acd.mp3","SpeechFileName":"AI_Section_49_2561b65f-b564-4d30-b910-5611fdbc0acd.mp3","RelevantDocumentPart":null},{"PageStyle":2,"YoutubeSearchKeyword":null,"Index":50,"Title":"Eğitimin Genel Değerlendirmesi ve Kapanış","Description":null,"Content":{"subtitle":"Eğitimin Genel Değerlendirmesi","paragraph1":"Bu eğitim süresince, etkili iletişimin temel kavramlarını, iletişim türlerini ve süreçlerini, teorik yaklaşımları, beceri geliştirme yöntemlerini ve iletişimin başarıya katkı sağladığı alanları inceledik.","paragraph2":"Etkili iletişimin kişisel, profesyonel, eğitimsel ve toplumsal alanlarda nasıl pozitif etkiler sağladığını güncel akademik veriler ışığında kavradınız."},"NarrationText":"Bu eğitim süresince, etkili iletişimin temel kavramlarını, iletişim türlerini ve süreçlerini, teorik yaklaşımları, beceri geliştirme yöntemlerini ve iletişimin başarıya katkı sağladığı alanları inceledik. Etkili iletişimin kişisel, profesyonel, eğitimsel ve toplumsal alanlarda nasıl pozitif etkiler sağladığını güncel akademik veriler ışığında kavradınız.","Images":[{"ImagePrompt":"summary education communication","ImageSize":"W1024xH1024","ImageUrl":"https://localhost/ContentFiles/IdealStudioFiles/AI_Section_50-2d189015-d22a-4faf-b4b8-a4f0284f669b.png","IsSuccess":false,"ErrorMessage":null}],"YoutubeUrl":null,"AudioDuration":21,"SpeechAudioUrl":"https://localhost/ContentFiles/IdealStudioFiles/AI_Section_50_a9003f1d-9a92-484e-93b1-f05d6ebc5203.mp3","SpeechFileName":"AI_Section_50_a9003f1d-9a92-484e-93b1-f05d6ebc5203.mp3","RelevantDocumentPart":null},{"PageStyle":11,"YoutubeSearchKeyword":"Hayatta Başarılı Olmak İçin Etkili İletişim Eğitimi","Index":11,"Title":"Hayatta Başarılı Olmak İçin Etkili İletişim Eğitimi","Description":null,"Content":null,"NarrationText":null,"Images":null,"YoutubeUrl":"https://www.youtube.com/watch?v=nLHzBVnUUTg","AudioDuration":0,"SpeechAudioUrl":null,"SpeechFileName":null,"RelevantDocumentPart":null},{"PageStyle":12,"YoutubeSearchKeyword":null,"Index":51,"Title":"Question 1","Description":null,"Content":null,"NarrationText":null,"Images":null,"YoutubeUrl":null,"AudioDuration":4,"SpeechAudioUrl":"https://localhost/ContentFiles/IdealStudioFiles/1-51_ai_Question3e7e5707-116c-4533-aed1-b81ea11ff046.mp3","SpeechFileName":"1-51_ai_Question3e7e5707-116c-4533-aed1-b81ea11ff046.mp3","RelevantDocumentPart":null},{"PageStyle":13,"YoutubeSearchKeyword":null,"Index":52,"Title":"Question 2","Description":null,"Content":null,"NarrationText":null,"Images":null,"YoutubeUrl":null,"AudioDuration":6,"SpeechAudioUrl":"https://localhost/ContentFiles/IdealStudioFiles/1-52_ai_Question82db055b-abdb-4d65-8d86-ac02081876fa.mp3","SpeechFileName":"1-52_ai_Question82db055b-abdb-4d65-8d86-ac02081876fa.mp3","RelevantDocumentPart":null},{"PageStyle":14,"YoutubeSearchKeyword":null,"Index":53,"Title":"Question 3","Description":null,"Content":null,"NarrationText":null,"Images":null,"YoutubeUrl":null,"AudioDuration":4,"SpeechAudioUrl":"https://localhost/ContentFiles/IdealStudioFiles/1-53_ai_Question4bfaf7a8-7fdc-4c52-9dbc-abc4f2b34e6d.mp3","SpeechFileName":"1-53_ai_Question4bfaf7a8-7fdc-4c52-9dbc-abc4f2b34e6d.mp3","RelevantDocumentPart":null},{"PageStyle":12,"YoutubeSearchKeyword":null,"Index":54,"Title":"Question 4","Description":null,"Content":null,"NarrationText":null,"Images":null,"YoutubeUrl":null,"AudioDuration":5,"SpeechAudioUrl":"https://localhost/ContentFiles/IdealStudioFiles/1-54_ai_Question2c7d7f62-7647-4978-b660-b7e91020c1a8.mp3","SpeechFileName":"1-54_ai_Question2c7d7f62-7647-4978-b660-b7e91020c1a8.mp3","RelevantDocumentPart":null},{"PageStyle":13,"YoutubeSearchKeyword":null,"Index":55,"Title":"Question 5","Description":null,"Content":null,"NarrationText":null,"Images":null,"YoutubeUrl":null,"AudioDuration":5,"SpeechAudioUrl":"https://localhost/ContentFiles/IdealStudioFiles/1-55_ai_Questionf0bc2217-370e-4083-ab6b-4a116ff7409d.mp3","SpeechFileName":"1-55_ai_Questionf0bc2217-370e-4083-ab6b-4a116ff7409d.mp3","RelevantDocumentPart":null},{"PageStyle":14,"YoutubeSearchKeyword":null,"Index":56,"Title":"Question 6","Description":null,"Content":null,"NarrationText":null,"Images":null,"YoutubeUrl":null,"AudioDuration":4,"SpeechAudioUrl":"https://localhost/ContentFiles/IdealStudioFiles/1-56_ai_Question1a5fa66c-c0c5-4199-9b2e-bcd058c25d5f.mp3","SpeechFileName":"1-56_ai_Question1a5fa66c-c0c5-4199-9b2e-bcd058c25d5f.mp3","RelevantDocumentPart":null},{"PageStyle":12,"YoutubeSearchKeyword":null,"Index":57,"Title":"Question 7","Description":null,"Content":null,"NarrationText":null,"Images":null,"YoutubeUrl":null,"AudioDuration":7,"SpeechAudioUrl":"https://localhost/ContentFiles/IdealStudioFiles/1-57_ai_Questionc791c8fb-da28-480f-b15b-767e1710efe0.mp3","SpeechFileName":"1-57_ai_Questionc791c8fb-da28-480f-b15b-767e1710efe0.mp3","RelevantDocumentPart":null},{"PageStyle":13,"YoutubeSearchKeyword":null,"Index":58,"Title":"Question 8","Description":null,"Content":null,"NarrationText":null,"Images":null,"YoutubeUrl":null,"AudioDuration":6,"SpeechAudioUrl":"https://localhost/ContentFiles/IdealStudioFiles/1-58_ai_Questionfe0c3078-7988-436a-9a52-a01edc54782f.mp3","SpeechFileName":"1-58_ai_Questionfe0c3078-7988-436a-9a52-a01edc54782f.mp3","RelevantDocumentPart":null},{"PageStyle":14,"YoutubeSearchKeyword":null,"Index":59,"Title":"Question 9","Description":null,"Content":null,"NarrationText":null,"Images":null,"YoutubeUrl":null,"AudioDuration":4,"SpeechAudioUrl":"https://localhost/ContentFiles/IdealStudioFiles/1-59_ai_Questionc97f9eaf-3b3a-4a05-8056-71f7c366f565.mp3","SpeechFileName":"1-59_ai_Questionc97f9eaf-3b3a-4a05-8056-71f7c366f565.mp3","RelevantDocumentPart":null},{"PageStyle":12,"YoutubeSearchKeyword":null,"Index":60,"Title":"Question 10","Description":null,"Content":null,"NarrationText":null,"Images":null,"YoutubeUrl":null,"AudioDuration":6,"SpeechAudioUrl":"https://localhost/ContentFiles/IdealStudioFiles/1-60_ai_Questioncfbe7b63-4149-4dff-bad5-8295ddf41d9d.mp3","SpeechFileName":"1-60_ai_Questioncfbe7b63-4149-4dff-bad5-8295ddf41d9d.mp3","RelevantDocumentPart":null},{"PageStyle":13,"YoutubeSearchKeyword":null,"Index":61,"Title":"Question 11","Description":null,"Content":null,"NarrationText":null,"Images":null,"YoutubeUrl":null,"AudioDuration":6,"SpeechAudioUrl":"https://localhost/ContentFiles/IdealStudioFiles/1-61_ai_Question1312be2a-46b0-413d-b43b-b34264a9d459.mp3","SpeechFileName":"1-61_ai_Question1312be2a-46b0-413d-b43b-b34264a9d459.mp3","RelevantDocumentPart":null},{"PageStyle":14,"YoutubeSearchKeyword":null,"Index":62,"Title":"Question 12","Description":null,"Content":null,"NarrationText":null,"Images":null,"YoutubeUrl":null,"AudioDuration":4,"SpeechAudioUrl":"https://localhost/ContentFiles/IdealStudioFiles/1-62_ai_Questiona5eeb718-80cc-4ce7-9b91-bfb62196e362.mp3","SpeechFileName":"1-62_ai_Questiona5eeb718-80cc-4ce7-9b91-bfb62196e362.mp3","RelevantDocumentPart":null},{"PageStyle":12,"YoutubeSearchKeyword":null,"Index":63,"Title":"Question 13","Description":null,"Content":null,"NarrationText":null,"Images":null,"YoutubeUrl":null,"AudioDuration":8,"SpeechAudioUrl":"https://localhost/ContentFiles/IdealStudioFiles/1-63_ai_Question655aa447-9f67-4fbc-8572-723224e4ad7e.mp3","SpeechFileName":"1-63_ai_Question655aa447-9f67-4fbc-8572-723224e4ad7e.mp3","RelevantDocumentPart":null},{"PageStyle":13,"YoutubeSearchKeyword":null,"Index":64,"Title":"Question 14","Description":null,"Content":null,"NarrationText":null,"Images":null,"YoutubeUrl":null,"AudioDuration":5,"SpeechAudioUrl":"https://localhost/ContentFiles/IdealStudioFiles/1-64_ai_Question6c6235e2-4f2c-4843-bef5-0f87a8fd49c4.mp3","SpeechFileName":"1-64_ai_Question6c6235e2-4f2c-4843-bef5-0f87a8fd49c4.mp3","RelevantDocumentPart":null},{"PageStyle":14,"YoutubeSearchKeyword":null,"Index":65,"Title":"Question 15","Description":null,"Content":null,"NarrationText":null,"Images":null,"YoutubeUrl":null,"AudioDuration":4,"SpeechAudioUrl":"https://localhost/ContentFiles/IdealStudioFiles/1-65_ai_Question5de707cc-f5ab-430f-b0c7-2584dd58c081.mp3","SpeechFileName":"1-65_ai_Question5de707cc-f5ab-430f-b0c7-2584dd58c081.mp3","RelevantDocumentPart":null},{"PageStyle":100,"YoutubeSearchKeyword":null,"Index":100,"Title":"Şimdi Sıra Sizde","Description":null,"Content":"\"%3Cp%20style=%22text-align:%20center;%22%3E%3Cspan%20style=%22font-size:2.857142857142857em;%22%3E%3Cspan%20style=%22color:#ffffff;%22%3E%3Cspan%20style=%22font-family:Alata,sans-serif;%22%3E%C5%9Eimdi%20%3C/span%3E%3C/span%3E%3C/span%3E%3C/p%3E%0A%0A%3Cp%20style=%22text-align:%20center;%22%3E%C2%A0%3C/p%3E%0A%0A%3Cp%20style=%22text-align:%20center;%22%3E%3Cspan%20style=%22font-size:2.857142857142857em;%22%3E%3Cspan%20style=%22color:#ffffff;%22%3E%3Cspan%20style=%22font-family:Alata,sans-serif;%22%3ES%C4%B1ra%20Sizde%3C/span%3E%3C/span%3E%3C/span%3E%3C/p%3E%0A\"","NarrationText":null,"Images":null,"YoutubeUrl":null,"AudioDuration":2,"SpeechAudioUrl":"https://localhost/ContentFiles/IdealStudioFiles/AI_Section_100_50238d39-e517-424d-a7ad-5a135e2feb75.mp3","SpeechFileName":"AI_Section_100_50238d39-e517-424d-a7ad-5a135e2feb75.mp3","RelevantDocumentPart":null},{"PageStyle":101,"YoutubeSearchKeyword":null,"Index":101,"Title":"Tebrikler, Eğitimi Tamamladınız","Description":null,"Content":"\"%3Cp%20style=%22text-align:%20center;%22%3E%3Cspan%20style=%22color:#ffffff;%22%3E%3Cspan%20style=%22font-size:2.5em;%22%3E%3Cspan%20style=%22font-family:Alata,sans-serif;%22%3E%3Cstrong%3ETebrikler,%20E%C4%9Fitimi%20Tamamlad%C4%B1n%C4%B1z%3C/strong%3E%3C/span%3E%3C/span%3E%3C/span%3E%3C/p%3E%0A\"","NarrationText":null,"Images":null,"YoutubeUrl":null,"AudioDuration":3,"SpeechAudioUrl":"https://localhost/ContentFiles/IdealStudioFiles/AI_Section_101_b678fbfe-d532-4dfe-85af-bd5034f002e7.mp3","SpeechFileName":"AI_Section_101_b678fbfe-d532-4dfe-85af-bd5034f002e7.mp3","RelevantDocumentPart":null}],"GeneralQuiz":[{"Index":51,"Type":0,"Question":"Etkili iletişim sürecinde 'gürültü' kavramı neyi ifade eder?","Options":["Mesajın kaynaktan alıcıya doğru net olarak iletilmesi","Alıcının kaynağa verdiği yanıt ve tepki","İletişim sürecini bozabilen ve performansı olumsuz etkileyen faktörler","Mesajın hazırlanmasında kullanılan araç veya ortam"],"CorrectAnswers":["İletişim sürecini bozabilen ve performansı olumsuz etkileyen faktörler"],"Statements":null,"IsSuccess":true,"ErrorMessage":null},{"Index":52,"Type":1,"Question":"Aşağıdakilerden hangileri etkili iletişimde geribildirimin rolünü doğru şekilde açıklar?","Options":["Mesajın doğru anlaşılıp anlaşılmadığını gösterir","Mesajın kaynaktan alıcıya aktarılmasını sağlar","İletişim sürecindeki hataların ortaya çıkarılmasını sağlar","İletişimde gürültü etkisini artırır"],"CorrectAnswers":["Mesajın doğru anlaşılıp anlaşılmadığını gösterir","İletişim sürecindeki hataların ortaya çıkarılmasını sağlar"],"Statements":null,"IsSuccess":true,"ErrorMessage":null},{"Index":53,"Type":2,"Question":"Aşağıdaki ifadelerin Doğru mu Yanlış mı olduğuna karar verin","Options":null,"CorrectAnswers":null,"Statements":[{"Statement":"Sözsüz iletişim, sadece kelimelerle mesaj iletmeyi ifade eder.","Answer":"False"},{"Statement":"Berlo’nun SMCR Modeli iletişim sürecinde kaynak, mesaj, kanal ve alıcı unsurlarını içerir.","Answer":"True"},{"Statement":"Empatik iletişimde, sadece konuşanın değil dinleyenin duyguları ön planda tutulmaz.","Answer":"False"},{"Statement":"Kanal zenginliği teorisi, mesajın karmaşıklığına göre kanal seçiminin önemli olduğunu belirtir.","Answer":"True"}],"IsSuccess":true,"ErrorMessage":null},{"Index":54,"Type":0,"Question":"Aşağıdakilerden hangisi aktif dinlemenin temel özelliklerinden biri değildir?","Options":["Karşıdakinin mesajını empatiyle takip etmek","Yanlış anlamaları önlemek","Mesajı yalnızca duymak ve tekrar etmek","Anlam bütünlüğünü doğrulamak"],"CorrectAnswers":["Mesajı yalnızca duymak ve tekrar etmek"],"Statements":null,"IsSuccess":true,"ErrorMessage":null},{"Index":55,"Type":1,"Question":"Aşağıdakilerden hangileri dijital iletişimin potansiyel zorlukları arasında yer alır?","Options":["Duygusal ifade eksikliği riski","Mesajın hızlı ve geniş kitlelere ulaşması","Yanlış anlaşılma olasılığı","Yüz yüze iletişimdeki beden dilinin eksikliği"],"CorrectAnswers":["Duygusal ifade eksikliği riski","Yanlış anlaşılma olasılığı"],"Statements":null,"IsSuccess":true,"ErrorMessage":null},{"Index":56,"Type":2,"Question":"Aşağıdaki ifadelerin Doğru mu Yanlış mı olduğuna karar verin","Options":null,"CorrectAnswers":null,"Statements":[{"Statement":"Rol oynama yöntemi, iletişim becerilerini geliştirmede gerçek hayattan uzak bir yaklaşımdır.","Answer":"False"},{"Statement":"Profesyonel yaşamda etkili iletişim, işyeri memnuniyetini ve performansı artırır.","Answer":"True"},{"Statement":"Geri bildirim, iletişimde başarıyı olumsuz etkileyen bir unsurdur.","Answer":"False"},{"Statement":"İletişimde empati, sağlıklı diyaloglar ve çatışma yönetimi için önemlidir.","Answer":"True"}],"IsSuccess":true,"ErrorMessage":null},{"Index":57,"Type":0,"Question":"Shannon-Weaver İletişim Modeli'nde aşağıdaki bileşenlerden hangisi iletişimi başlatan kaynağı ifade eder?","Options":["Mesaj","Alıcı","Kaynak","Geribildirim"],"CorrectAnswers":["Kaynak"],"Statements":null,"IsSuccess":true,"ErrorMessage":null},{"Index":58,"Type":1,"Question":"Berlo’nun SMCR Modeli’ne göre etkili iletişimde hangi unsurların uyumu önemlidir?","Options":["Kaynak ve alıcının bilgi ve beceri düzeyi","Kanalın teknolojik altyapısı","Mesajın netliği ve anlaşılırlığı","Alıcının tepkisizliği"],"CorrectAnswers":["Kaynak ve alıcının bilgi ve beceri düzeyi","Mesajın netliği ve anlaşılırlığı"],"Statements":null,"IsSuccess":true,"ErrorMessage":null},{"Index":59,"Type":2,"Question":"Aşağıdaki ifadelerin Doğru mu Yanlış mı olduğuna karar verin","Options":null,"CorrectAnswers":null,"Statements":[{"Statement":"Geribildirim, sadece kaynak tarafından alıcıya verilen mesajdır.","Answer":"False"},{"Statement":"İletişim sürecinde kanal, mesajın iletilmesini sağlayan ortam veya araçtır.","Answer":"True"},{"Statement":"Sözlü iletişim sadece yazılı iletişimi kapsar.","Answer":"False"},{"Statement":"Kanal zenginliği teorisi, karmaşık mesajlar için daha zengin iletişim kanallarının tercih edilmesi gerektiğini savunur.","Answer":"True"}],"IsSuccess":true,"ErrorMessage":null},{"Index":60,"Type":0,"Question":"Aşağıdakilerden hangisi profesyonel yaşamda etkili iletişimin sağladığı avantajlardan değildir?","Options":["Ekip çalışması verimliliğinin artması","Liderlik ve ikna yeteneğinin gelişmesi","Çalışan memnuniyetinin azalması","Müzakere süreçlerinin etkinliği"],"CorrectAnswers":["Çalışan memnuniyetinin azalması"],"Statements":null,"IsSuccess":true,"ErrorMessage":null},{"Index":61,"Type":1,"Question":"Etkili iletişim becerilerini geliştirmek için kullanılan eğitim yöntemlerinden hangileri doğrudur?","Options":["Rol oynama (role-playing)","Yapılandırılmış geri bildirim oturumları","Örnek video analizleri","Sadece teorik dersler almak"],"CorrectAnswers":["Rol oynama (role-playing)","Yapılandırılmış geri bildirim oturumları","Örnek video analizleri"],"Statements":null,"IsSuccess":true,"ErrorMessage":null},{"Index":62,"Type":2,"Question":"Aşağıdaki ifadelerin Doğru mu Yanlış mı olduğuna karar verin","Options":null,"CorrectAnswers":null,"Statements":[{"Statement":"Sözsüz iletişimde göz teması veya vücut dili mesaj iletiminde etkisizdir.","Answer":"False"},{"Statement":"Duygusal zekâ, iletişimde empati kurma ve duyguları yönetmede önemli bir beceridir.","Answer":"True"},{"Statement":"Kanal zenginliği teorisi, iletişimde kanal seçiminin önemsiz olduğunu savunur.","Answer":"False"},{"Statement":"İletişim sürecinde geribildirim, mesajın doğru anlaşılmasını sağlamada kritik bir rol oynar.","Answer":"True"}],"IsSuccess":true,"ErrorMessage":null},{"Index":63,"Type":0,"Question":"Etkili iletişim sürecinde, mesajın alıcı tarafından doğru anlaşılması ve iletişimin etkinliği hangi unsur sayesinde artırılır?","Options":["Gürültü","Kanal","Geribildirim","Kaynak"],"CorrectAnswers":["Geribildirim"],"Statements":null,"IsSuccess":true,"ErrorMessage":null},{"Index":64,"Type":1,"Question":"Etkili iletişimde hangi beceriler kişisel ve profesyonel ilişkileri güçlendirir?","Options":["Empatik iletişim","Açık ve anlaşılır konuşma","Çatışma yönetimi","Sadece yazılı iletişim kullanmak"],"CorrectAnswers":["Empatik iletişim","Açık ve anlaşılır konuşma","Çatışma yönetimi"],"Statements":null,"IsSuccess":true,"ErrorMessage":null},{"Index":65,"Type":2,"Question":"Aşağıdaki ifadelerin Doğru mu Yanlış mı olduğuna karar verin","Options":null,"CorrectAnswers":null,"Statements":[{"Statement":"Eğitimde iletişim, öğrencilerin motivasyonunu azaltır ve öğrenme sürecini zorlaştırır.","Answer":"False"},{"Statement":"Toplumsal düzeyde etkili iletişim, demokratik katılımı ve uzlaşıyı güçlendirir.","Answer":"True"},{"Statement":"İletişim becerileri, sadece kişisel ilişkilerde etkili olup profesyonel alanda önemsizdir.","Answer":"False"},{"Statement":"Geri bildirim, iletişimde süreci iyileştirmek için kullanılan önemli bir araçtır.","Answer":"True"}],"IsSuccess":true,"ErrorMessage":null}],"IsSuccess":true,"ErrorMessage":"","ThreadId":null,"FullDocumentText":null,"SummaryDocumentText":null}